<?xml version="1.0" encoding="UTF-8"?>
<objects serializationModel="Studio.02.00.00">
	<object class="Event" id="{054b20b9-75cb-4375-b471-78dd0c00870b}">
		<property name="name">
			<value>Player_Hurt_Male_Manager</value>
		</property>
		<property name="outputFormat">
			<value>2</value>
		</property>
		<relationship name="folder">
			<destination>{f49e290b-63d1-4fb6-be08-3139d2f91117}</destination>
		</relationship>
		<relationship name="mixer">
			<destination>{2a6411d6-9469-4669-aa75-d1ad29df3997}</destination>
		</relationship>
		<relationship name="masterTrack">
			<destination>{f9e1ed6a-2e2b-48cc-b446-f98779985fdc}</destination>
		</relationship>
		<relationship name="mixerInput">
			<destination>{7cbf6cff-f92d-4eb7-be3b-40de16cf3407}</destination>
		</relationship>
		<relationship name="automatableProperties">
			<destination>{a833435e-b07b-4f7a-a47b-04fabac09ceb}</destination>
		</relationship>
		<relationship name="markerTracks">
			<destination>{b0c641ba-a1b6-4e80-8962-89308a864f6a}</destination>
		</relationship>
		<relationship name="groupTracks">
			<destination>{76a9402a-f40d-422c-8cdb-27d5821d0983}</destination>
		</relationship>
		<relationship name="timeline">
			<destination>{71cde88b-07dc-4390-9e14-665f6263544d}</destination>
		</relationship>
		<relationship name="parameters">
			<destination>{c468c9e2-39e2-43ea-a8a5-6d1e592d1808}</destination>
		</relationship>
		<relationship name="banks">
			<destination>{fc34b2e6-7e7d-444c-8dd0-13ad6733b8a1}</destination>
		</relationship>
	</object>
	<object class="EventMixer" id="{2a6411d6-9469-4669-aa75-d1ad29df3997}">
		<relationship name="masterBus">
			<destination>{88a9f5aa-a02a-48c7-97c0-54426707b31f}</destination>
		</relationship>
	</object>
	<object class="MasterTrack" id="{f9e1ed6a-2e2b-48cc-b446-f98779985fdc}">
		<relationship name="mixerGroup">
			<destination>{88a9f5aa-a02a-48c7-97c0-54426707b31f}</destination>
		</relationship>
	</object>
	<object class="MixerInput" id="{7cbf6cff-f92d-4eb7-be3b-40de16cf3407}">
		<relationship name="effectChain">
			<destination>{60ddea84-1362-4881-8205-7e2e0e50d650}</destination>
		</relationship>
		<relationship name="panner">
			<destination>{390e99fe-2891-4c82-98dd-c57d2f4319d3}</destination>
		</relationship>
		<relationship name="output">
			<destination>{04c8c892-4b21-427f-ba4d-60cfffb4a6ee}</destination>
		</relationship>
	</object>
	<object class="EventAutomatableProperties" id="{a833435e-b07b-4f7a-a47b-04fabac09ceb}" />
	<object class="MarkerTrack" id="{b0c641ba-a1b6-4e80-8962-89308a864f6a}" />
	<object class="GroupTrack" id="{76a9402a-f40d-422c-8cdb-27d5821d0983}">
		<relationship name="modules">
			<destination>{ebbecd22-939d-47ad-97dc-df0507f7f15b}</destination>
		</relationship>
		<relationship name="mixerGroup">
			<destination>{db16164c-ef3b-4e01-b878-881e20a539b3}</destination>
		</relationship>
	</object>
	<object class="Timeline" id="{71cde88b-07dc-4390-9e14-665f6263544d}">
		<relationship name="markers">
			<destination>{79e49cb7-adad-436c-9b61-5be644b19f86}</destination>
		</relationship>
	</object>
	<object class="ParameterProxy" id="{c468c9e2-39e2-43ea-a8a5-6d1e592d1808}">
		<relationship name="modules">
			<destination>{ebbecd22-939d-47ad-97dc-df0507f7f15b}</destination>
		</relationship>
		<relationship name="preset">
			<destination>{29475007-4f99-40fb-8c6a-633c11264c7d}</destination>
		</relationship>
	</object>
	<object class="EventMixerMaster" id="{88a9f5aa-a02a-48c7-97c0-54426707b31f}">
		<relationship name="effectChain">
			<destination>{31ce7e19-561e-4096-a765-3b63f34a0fbf}</destination>
		</relationship>
		<relationship name="panner">
			<destination>{e43ad836-15fb-4678-b55a-5a141bc47e19}</destination>
		</relationship>
		<relationship name="mixer">
			<destination>{2a6411d6-9469-4669-aa75-d1ad29df3997}</destination>
		</relationship>
	</object>
	<object class="MixerBusEffectChain" id="{60ddea84-1362-4881-8205-7e2e0e50d650}">
		<relationship name="effects">
			<destination>{8ef8fb63-868f-45f0-b61d-28e6c40770ed}</destination>
		</relationship>
	</object>
	<object class="MixerBusPanner" id="{390e99fe-2891-4c82-98dd-c57d2f4319d3}" />
	<object class="EventSound" id="{ebbecd22-939d-47ad-97dc-df0507f7f15b}">
		<property name="length">
			<value>0.59999999999999998</value>
		</property>
		<relationship name="event">
			<destination>{14e85c6c-c482-4705-bb00-71e3cf64ca84}</destination>
		</relationship>
	</object>
	<object class="EventMixerGroup" id="{db16164c-ef3b-4e01-b878-881e20a539b3}">
		<property name="name">
			<value>Audio 1</value>
		</property>
		<relationship name="effectChain">
			<destination>{dc032cf4-8398-4684-a246-e4aa2af6f42a}</destination>
		</relationship>
		<relationship name="panner">
			<destination>{c73b105b-0eba-4154-a6a7-6a5ae97f92a2}</destination>
		</relationship>
		<relationship name="output">
			<destination>{88a9f5aa-a02a-48c7-97c0-54426707b31f}</destination>
		</relationship>
	</object>
	<object class="SustainPoint" id="{79e49cb7-adad-436c-9b61-5be644b19f86}">
		<property name="position">
			<value>0.014999999999999999</value>
		</property>
		<relationship name="timeline">
			<destination>{71cde88b-07dc-4390-9e14-665f6263544d}</destination>
		</relationship>
		<relationship name="markerTrack">
			<destination>{b0c641ba-a1b6-4e80-8962-89308a864f6a}</destination>
		</relationship>
	</object>
	<object class="MixerBusEffectChain" id="{31ce7e19-561e-4096-a765-3b63f34a0fbf}">
		<relationship name="effects">
			<destination>{77ec11ca-7dbd-4833-a292-de9758eab77e}</destination>
			<destination>{ec6cbdb2-2d49-40bc-a07b-ee9c904eedd5}</destination>
		</relationship>
	</object>
	<object class="MixerBusPanner" id="{e43ad836-15fb-4678-b55a-5a141bc47e19}" />
	<object class="MixerBusFader" id="{8ef8fb63-868f-45f0-b61d-28e6c40770ed}" />
	<object class="MixerBusEffectChain" id="{dc032cf4-8398-4684-a246-e4aa2af6f42a}">
		<relationship name="effects">
			<destination>{ac539a4a-1d12-48e8-a11c-292011da1e8c}</destination>
		</relationship>
	</object>
	<object class="MixerBusPanner" id="{c73b105b-0eba-4154-a6a7-6a5ae97f92a2}" />
	<object class="MixerBusFader" id="{77ec11ca-7dbd-4833-a292-de9758eab77e}" />
	<object class="SpatialiserEffect" id="{ec6cbdb2-2d49-40bc-a07b-ee9c904eedd5}">
		<property name="maximumDistance">
			<value>100</value>
		</property>
	</object>
	<object class="MixerBusFader" id="{ac539a4a-1d12-48e8-a11c-292011da1e8c}" />
</objects>
