<?xml version="1.0" encoding="UTF-8"?>
<objects serializationModel="Studio.02.00.00">
	<object class="Event" id="{15da578e-68a4-4768-9ffd-2c4007560807}">
		<property name="name">
			<value>Weapon_Excaliboulder_Attack</value>
		</property>
		<property name="outputFormat">
			<value>2</value>
		</property>
		<relationship name="folder">
			<destination>{adfe8f58-6b21-497d-88cd-035930d204c8}</destination>
		</relationship>
		<relationship name="mixer">
			<destination>{0d5bdb2c-cc20-4208-a810-433888ed8dca}</destination>
		</relationship>
		<relationship name="masterTrack">
			<destination>{861daf5e-3944-4787-8c67-e48a68e10db2}</destination>
		</relationship>
		<relationship name="mixerInput">
			<destination>{9e6901fb-e47f-46bf-b637-f0716b623ddb}</destination>
		</relationship>
		<relationship name="automatableProperties">
			<destination>{73dd07df-e8c8-404c-85db-420e27f558b0}</destination>
		</relationship>
		<relationship name="markerTracks">
			<destination>{415e04d9-cf20-4589-b7d2-0a19cc80d430}</destination>
		</relationship>
		<relationship name="groupTracks">
			<destination>{838277e8-afcf-45e7-8a0e-4e774f5a12cd}</destination>
			<destination>{fd1b0a7d-492b-4263-bb8f-5152527e2eee}</destination>
			<destination>{1128c1c1-6784-4bae-8f0c-70ad29da85e3}</destination>
		</relationship>
		<relationship name="timeline">
			<destination>{2605f2a1-8550-4d30-8ced-a4496e8573c9}</destination>
		</relationship>
		<relationship name="banks">
			<destination>{fc34b2e6-7e7d-444c-8dd0-13ad6733b8a1}</destination>
		</relationship>
	</object>
	<object class="EventMixer" id="{0d5bdb2c-cc20-4208-a810-433888ed8dca}">
		<relationship name="masterBus">
			<destination>{c09f37f6-515d-4531-9b01-c2153663f897}</destination>
		</relationship>
	</object>
	<object class="MasterTrack" id="{861daf5e-3944-4787-8c67-e48a68e10db2}">
		<relationship name="mixerGroup">
			<destination>{c09f37f6-515d-4531-9b01-c2153663f897}</destination>
		</relationship>
	</object>
	<object class="MixerInput" id="{9e6901fb-e47f-46bf-b637-f0716b623ddb}">
		<relationship name="effectChain">
			<destination>{ae3b8066-7275-4dfd-8370-ccb6049406c1}</destination>
		</relationship>
		<relationship name="panner">
			<destination>{272256ae-b5fa-476d-a685-7e772aaa60ce}</destination>
		</relationship>
		<relationship name="output">
			<destination>{4778e8ea-745c-4994-8b8a-4a0182cd9786}</destination>
		</relationship>
	</object>
	<object class="EventAutomatableProperties" id="{73dd07df-e8c8-404c-85db-420e27f558b0}" />
	<object class="MarkerTrack" id="{415e04d9-cf20-4589-b7d2-0a19cc80d430}" />
	<object class="GroupTrack" id="{838277e8-afcf-45e7-8a0e-4e774f5a12cd}">
		<relationship name="modules">
			<destination>{391539f1-32ea-4182-89bb-08636c6fcb8f}</destination>
		</relationship>
		<relationship name="mixerGroup">
			<destination>{f25a4ba2-6bf7-4760-9267-9bcd1cac744b}</destination>
		</relationship>
	</object>
	<object class="GroupTrack" id="{fd1b0a7d-492b-4263-bb8f-5152527e2eee}">
		<relationship name="modules">
			<destination>{eaf5c9a9-5ad7-420d-964b-07a7abcfda31}</destination>
		</relationship>
		<relationship name="mixerGroup">
			<destination>{73fd6953-9e30-49d6-88da-6817bf0e3671}</destination>
		</relationship>
	</object>
	<object class="GroupTrack" id="{1128c1c1-6784-4bae-8f0c-70ad29da85e3}">
		<relationship name="modules">
			<destination>{bd678500-df3a-4531-a67b-3115f572477c}</destination>
		</relationship>
		<relationship name="mixerGroup">
			<destination>{418adcce-d2a4-4de6-a763-e5b418f32f54}</destination>
		</relationship>
	</object>
	<object class="Timeline" id="{2605f2a1-8550-4d30-8ced-a4496e8573c9}">
		<relationship name="modules">
			<destination>{391539f1-32ea-4182-89bb-08636c6fcb8f}</destination>
			<destination>{eaf5c9a9-5ad7-420d-964b-07a7abcfda31}</destination>
			<destination>{bd678500-df3a-4531-a67b-3115f572477c}</destination>
		</relationship>
	</object>
	<object class="EventMixerMaster" id="{c09f37f6-515d-4531-9b01-c2153663f897}">
		<property name="volume">
			<value>6.5</value>
		</property>
		<relationship name="effectChain">
			<destination>{9de50018-4d59-4799-9054-0bec9aea71ef}</destination>
		</relationship>
		<relationship name="panner">
			<destination>{44584e3d-942d-469a-adca-cf7f854a9654}</destination>
		</relationship>
		<relationship name="mixer">
			<destination>{0d5bdb2c-cc20-4208-a810-433888ed8dca}</destination>
		</relationship>
	</object>
	<object class="MixerBusEffectChain" id="{ae3b8066-7275-4dfd-8370-ccb6049406c1}">
		<relationship name="effects">
			<destination>{5cb03b20-31bc-4c4e-a68c-f1a57a1547db}</destination>
		</relationship>
	</object>
	<object class="MixerBusPanner" id="{272256ae-b5fa-476d-a685-7e772aaa60ce}" />
	<object class="MultiSound" id="{391539f1-32ea-4182-89bb-08636c6fcb8f}">
		<property name="length">
			<value>0.54775510204081623</value>
		</property>
		<property name="pitch">
			<value>-5</value>
		</property>
		<relationship name="sounds">
			<destination>{f514e5d8-f837-4ae0-9b50-73a0b1694ba7}</destination>
			<destination>{8d69f27c-774e-4a8c-b197-8c5f6da719b6}</destination>
			<destination>{274c3b1b-42c3-4880-a849-1ca96224726e}</destination>
		</relationship>
	</object>
	<object class="EventMixerGroup" id="{f25a4ba2-6bf7-4760-9267-9bcd1cac744b}">
		<property name="name">
			<value>Swing</value>
		</property>
		<relationship name="effectChain">
			<destination>{9d11f418-153d-483b-8044-bf497c18d37f}</destination>
		</relationship>
		<relationship name="panner">
			<destination>{816023ad-7158-4e78-91b6-218902322341}</destination>
		</relationship>
		<relationship name="output">
			<destination>{c09f37f6-515d-4531-9b01-c2153663f897}</destination>
		</relationship>
	</object>
	<object class="MultiSound" id="{eaf5c9a9-5ad7-420d-964b-07a7abcfda31}">
		<property name="start">
			<value>0.089999999999999997</value>
		</property>
		<property name="length">
			<value>0.28999999999999998</value>
		</property>
		<property name="playlistMode">
			<value>1</value>
		</property>
		<relationship name="fadeOutCurve">
			<destination>{2f0e80b0-0f84-46cf-96ca-db031df90185}</destination>
		</relationship>
		<relationship name="sounds">
			<destination>{ed75a7c4-8042-43b9-927a-aafab90c86c6}</destination>
			<destination>{1199377b-c3a6-4717-a554-9e96b5b71fdc}</destination>
		</relationship>
	</object>
	<object class="EventMixerGroup" id="{73fd6953-9e30-49d6-88da-6817bf0e3671}">
		<property name="name">
			<value>Blade</value>
		</property>
		<relationship name="effectChain">
			<destination>{bce63003-e5a2-4f95-9d13-151c1be18f9b}</destination>
		</relationship>
		<relationship name="panner">
			<destination>{40cf8e69-5ad2-453c-b43c-f7a5a6813800}</destination>
		</relationship>
		<relationship name="output">
			<destination>{c09f37f6-515d-4531-9b01-c2153663f897}</destination>
		</relationship>
	</object>
	<object class="MultiSound" id="{bd678500-df3a-4531-a67b-3115f572477c}">
		<property name="triggerProbabilityEnabled">
			<value>true</value>
		</property>
		<property name="triggerProbability">
			<value>39.5</value>
		</property>
		<property name="start">
			<value>0.22</value>
		</property>
		<property name="length">
			<value>0.4375</value>
		</property>
		<property name="volume">
			<value>-20.5</value>
		</property>
		<relationship name="sounds">
			<destination>{f3a7836a-fd10-4f9c-a88d-e20ecf7d321d}</destination>
			<destination>{2c73b4a3-ea13-43e5-9f8d-387c1804e8cd}</destination>
			<destination>{12a31a77-d84e-411a-875a-8277e93f2ad8}</destination>
		</relationship>
	</object>
	<object class="EventMixerGroup" id="{418adcce-d2a4-4de6-a763-e5b418f32f54}">
		<property name="name">
			<value>Dirt/Dust</value>
		</property>
		<relationship name="effectChain">
			<destination>{b6c18ca9-7060-45a0-b9e4-ce0b47e5f3e8}</destination>
		</relationship>
		<relationship name="panner">
			<destination>{74fb30b1-f983-44e9-9532-79bebade7591}</destination>
		</relationship>
		<relationship name="output">
			<destination>{c09f37f6-515d-4531-9b01-c2153663f897}</destination>
		</relationship>
	</object>
	<object class="MixerBusEffectChain" id="{9de50018-4d59-4799-9054-0bec9aea71ef}">
		<relationship name="effects">
			<destination>{678d006f-a966-4a25-a9f0-58c97598e7ac}</destination>
			<destination>{057eb131-aa92-4bc3-bc80-5d4e6c5697e0}</destination>
		</relationship>
	</object>
	<object class="MixerBusPanner" id="{44584e3d-942d-469a-adca-cf7f854a9654}">
		<property name="surroundPanDirection">
			<value>153.434952</value>
		</property>
	</object>
	<object class="MixerBusFader" id="{5cb03b20-31bc-4c4e-a68c-f1a57a1547db}" />
	<object class="SingleSound" id="{f514e5d8-f837-4ae0-9b50-73a0b1694ba7}">
		<relationship name="audioFile">
			<destination>{9f9e0f10-c2db-4260-8755-9f6f02a81260}</destination>
		</relationship>
	</object>
	<object class="SingleSound" id="{8d69f27c-774e-4a8c-b197-8c5f6da719b6}">
		<relationship name="audioFile">
			<destination>{262ab305-96e3-46b7-b540-239e3819f4ee}</destination>
		</relationship>
	</object>
	<object class="SingleSound" id="{274c3b1b-42c3-4880-a849-1ca96224726e}">
		<relationship name="audioFile">
			<destination>{f3750ee6-7f75-480b-9f0d-0b6bbc4327fa}</destination>
		</relationship>
	</object>
	<object class="MixerBusEffectChain" id="{9d11f418-153d-483b-8044-bf497c18d37f}">
		<relationship name="effects">
			<destination>{899b3291-dbf9-40c9-bf62-5a3463f07935}</destination>
		</relationship>
	</object>
	<object class="MixerBusPanner" id="{816023ad-7158-4e78-91b6-218902322341}" />
	<object class="FadeCurve" id="{2f0e80b0-0f84-46cf-96ca-db031df90185}">
		<relationship name="startPoint">
			<destination>{b7036347-d965-4c13-ae93-5c418897034b}</destination>
		</relationship>
		<relationship name="endPoint">
			<destination>{de0ac7eb-8d1d-4e97-9e18-601b58e1a6fc}</destination>
		</relationship>
	</object>
	<object class="SingleSound" id="{ed75a7c4-8042-43b9-927a-aafab90c86c6}">
		<property name="pitch">
			<value>14</value>
		</property>
		<relationship name="modulators">
			<destination>{de88a080-1b6c-472b-b356-8f553aee7d9c}</destination>
		</relationship>
		<relationship name="audioFile">
			<destination>{318291a1-b137-4646-a89b-98f0e4f6846a}</destination>
		</relationship>
	</object>
	<object class="SingleSound" id="{1199377b-c3a6-4717-a554-9e96b5b71fdc}">
		<property name="pitch">
			<value>14.5</value>
		</property>
		<relationship name="modulators">
			<destination>{116b60e2-f26d-450d-9987-957cf32b7d48}</destination>
		</relationship>
		<relationship name="audioFile">
			<destination>{f69ce578-1778-4395-af08-9a6b1ee854a3}</destination>
		</relationship>
	</object>
	<object class="MixerBusEffectChain" id="{bce63003-e5a2-4f95-9d13-151c1be18f9b}">
		<relationship name="effects">
			<destination>{cd376eda-dd47-4933-8ea6-a56aea4d4d41}</destination>
			<destination>{8e634fe1-ca53-4d3a-8a8f-83ab6abc1492}</destination>
			<destination>{13ee4a41-f9c2-4c7a-aef7-d897b2d4937f}</destination>
		</relationship>
	</object>
	<object class="MixerBusPanner" id="{40cf8e69-5ad2-453c-b43c-f7a5a6813800}" />
	<object class="SingleSound" id="{f3a7836a-fd10-4f9c-a88d-e20ecf7d321d}">
		<relationship name="audioFile">
			<destination>{3263fb61-9c0d-4bf7-8d4b-74e12269412d}</destination>
		</relationship>
	</object>
	<object class="SingleSound" id="{2c73b4a3-ea13-43e5-9f8d-387c1804e8cd}">
		<relationship name="audioFile">
			<destination>{fb254306-ddd4-4e34-9c85-420b173bd198}</destination>
		</relationship>
	</object>
	<object class="SingleSound" id="{12a31a77-d84e-411a-875a-8277e93f2ad8}">
		<relationship name="audioFile">
			<destination>{d312ea87-eabb-452f-b2b4-faf91b38821d}</destination>
		</relationship>
	</object>
	<object class="MixerBusEffectChain" id="{b6c18ca9-7060-45a0-b9e4-ce0b47e5f3e8}">
		<relationship name="effects">
			<destination>{c4cb712f-52e0-4879-be01-1f7e81a1d4f6}</destination>
		</relationship>
	</object>
	<object class="MixerBusPanner" id="{74fb30b1-f983-44e9-9532-79bebade7591}" />
	<object class="MixerBusFader" id="{678d006f-a966-4a25-a9f0-58c97598e7ac}" />
	<object class="SpatialiserEffect" id="{057eb131-aa92-4bc3-bc80-5d4e6c5697e0}">
		<property name="maximumDistance">
			<value>100</value>
		</property>
		<property name="extentMode">
			<value>1</value>
		</property>
		<property name="soundSize">
			<value>50</value>
		</property>
	</object>
	<object class="MixerBusFader" id="{899b3291-dbf9-40c9-bf62-5a3463f07935}" />
	<object class="AutomationPoint" id="{b7036347-d965-4c13-ae93-5c418897034b}">
		<property name="position">
			<value>0.32000000000000001</value>
		</property>
		<property name="value">
			<value>1</value>
		</property>
		<property name="curveShape">
			<value>1</value>
		</property>
	</object>
	<object class="AutomationPoint" id="{de0ac7eb-8d1d-4e97-9e18-601b58e1a6fc}">
		<property name="position">
			<value>0.38</value>
		</property>
		<property name="value">
			<value>0</value>
		</property>
	</object>
	<object class="RandomizerModulator" id="{de88a080-1b6c-472b-b356-8f553aee7d9c}">
		<property name="nameOfPropertyBeingModulated">
			<value>pitch</value>
		</property>
		<property name="amount">
			<value>9.5</value>
		</property>
	</object>
	<object class="RandomizerModulator" id="{116b60e2-f26d-450d-9987-957cf32b7d48}">
		<property name="nameOfPropertyBeingModulated">
			<value>pitch</value>
		</property>
		<property name="amount">
			<value>8.5</value>
		</property>
	</object>
	<object class="MixerBusFader" id="{cd376eda-dd47-4933-8ea6-a56aea4d4d41}" />
	<object class="SFXReverbEffect" id="{8e634fe1-ca53-4d3a-8a8f-83ab6abc1492}">
		<property name="decayTime">
			<value>1300</value>
		</property>
		<property name="lowShelfFrequency">
			<value>76</value>
		</property>
		<property name="earlyLateMix">
			<value>23</value>
		</property>
		<property name="wetLevel">
			<value>-3</value>
		</property>
	</object>
	<object class="ThreeEQEffect" id="{13ee4a41-f9c2-4c7a-aef7-d897b2d4937f}" />
	<object class="MixerBusFader" id="{c4cb712f-52e0-4879-be01-1f7e81a1d4f6}" />
</objects>
