<?xml version="1.0" encoding="UTF-8"?>
<objects serializationModel="Studio.02.00.00">
	<object class="Event" id="{18ad8536-f988-498c-9240-3ec4eab4c023}">
		<property name="name">
			<value>Weapon_Throw_Heavy_Female</value>
		</property>
		<property name="outputFormat">
			<value>2</value>
		</property>
		<relationship name="folder">
			<destination>{adfe8f58-6b21-497d-88cd-035930d204c8}</destination>
		</relationship>
		<relationship name="mixer">
			<destination>{cf579a6f-4ebb-4dc3-97f6-cd5166fcefa2}</destination>
		</relationship>
		<relationship name="masterTrack">
			<destination>{daf7281f-f3d6-4ba9-97fc-49783858e01d}</destination>
		</relationship>
		<relationship name="mixerInput">
			<destination>{dc62d9a0-28a7-4993-b43c-4c66aaca6409}</destination>
		</relationship>
		<relationship name="automatableProperties">
			<destination>{6b14367b-6ae1-4ab5-a286-222f2f91add8}</destination>
		</relationship>
		<relationship name="markerTracks">
			<destination>{6d6424e6-d26b-45bb-a1c6-c25c0fb23f02}</destination>
		</relationship>
		<relationship name="groupTracks">
			<destination>{33d26089-7c97-4b7a-a69f-b2d7500bf12f}</destination>
			<destination>{492eef73-d34b-4f4e-b3d7-8ef8050d7a35}</destination>
		</relationship>
		<relationship name="timeline">
			<destination>{ca364896-813a-49fa-bd37-7eae10d96c52}</destination>
		</relationship>
		<relationship name="banks">
			<destination>{fc34b2e6-7e7d-444c-8dd0-13ad6733b8a1}</destination>
		</relationship>
	</object>
	<object class="EventMixer" id="{cf579a6f-4ebb-4dc3-97f6-cd5166fcefa2}">
		<relationship name="masterBus">
			<destination>{3c45a3ae-b800-4b3e-9857-f52742b98266}</destination>
		</relationship>
	</object>
	<object class="MasterTrack" id="{daf7281f-f3d6-4ba9-97fc-49783858e01d}">
		<relationship name="mixerGroup">
			<destination>{3c45a3ae-b800-4b3e-9857-f52742b98266}</destination>
		</relationship>
	</object>
	<object class="MixerInput" id="{dc62d9a0-28a7-4993-b43c-4c66aaca6409}">
		<relationship name="effectChain">
			<destination>{c3be9dd5-408e-4058-9be9-2b92eff0fe87}</destination>
		</relationship>
		<relationship name="panner">
			<destination>{2a2d4781-5d32-4599-8d17-e878e513c610}</destination>
		</relationship>
		<relationship name="output">
			<destination>{4778e8ea-745c-4994-8b8a-4a0182cd9786}</destination>
		</relationship>
	</object>
	<object class="EventAutomatableProperties" id="{6b14367b-6ae1-4ab5-a286-222f2f91add8}" />
	<object class="MarkerTrack" id="{6d6424e6-d26b-45bb-a1c6-c25c0fb23f02}" />
	<object class="GroupTrack" id="{33d26089-7c97-4b7a-a69f-b2d7500bf12f}">
		<relationship name="modules">
			<destination>{5b5bb093-ef00-4a67-a256-f5144f825bde}</destination>
		</relationship>
		<relationship name="mixerGroup">
			<destination>{722381a7-a17a-4895-a76d-ab6663d086ef}</destination>
		</relationship>
	</object>
	<object class="GroupTrack" id="{492eef73-d34b-4f4e-b3d7-8ef8050d7a35}">
		<relationship name="modules">
			<destination>{a5856054-9279-4e49-8d63-6e91952db16a}</destination>
		</relationship>
		<relationship name="mixerGroup">
			<destination>{14353d01-18cd-43cb-8adc-3bf45923832a}</destination>
		</relationship>
	</object>
	<object class="Timeline" id="{ca364896-813a-49fa-bd37-7eae10d96c52}">
		<relationship name="modules">
			<destination>{5b5bb093-ef00-4a67-a256-f5144f825bde}</destination>
			<destination>{a5856054-9279-4e49-8d63-6e91952db16a}</destination>
		</relationship>
	</object>
	<object class="EventMixerMaster" id="{3c45a3ae-b800-4b3e-9857-f52742b98266}">
		<relationship name="effectChain">
			<destination>{2553532a-303f-4b45-9685-98bf8d291d59}</destination>
		</relationship>
		<relationship name="panner">
			<destination>{8465c03a-c2a6-4eec-b063-dda371596391}</destination>
		</relationship>
		<relationship name="mixer">
			<destination>{cf579a6f-4ebb-4dc3-97f6-cd5166fcefa2}</destination>
		</relationship>
	</object>
	<object class="MixerBusEffectChain" id="{c3be9dd5-408e-4058-9be9-2b92eff0fe87}">
		<relationship name="effects">
			<destination>{4ce08d46-34b0-430b-9d0c-650e7fc28965}</destination>
		</relationship>
	</object>
	<object class="MixerBusPanner" id="{2a2d4781-5d32-4599-8d17-e878e513c610}" />
	<object class="MultiSound" id="{5b5bb093-ef00-4a67-a256-f5144f825bde}">
		<property name="start">
			<value>0.074999999999999997</value>
		</property>
		<property name="length">
			<value>0.37000000000000011</value>
		</property>
		<property name="pitch">
			<value>-4</value>
		</property>
		<relationship name="sounds">
			<destination>{6b912c49-b96b-41fb-af95-b15f48c5313e}</destination>
			<destination>{b1b2f601-a09a-405b-8fbf-6ab0a793aa93}</destination>
			<destination>{09914387-87ab-45a4-b2f5-52f94ec0fd68}</destination>
		</relationship>
	</object>
	<object class="EventMixerGroup" id="{722381a7-a17a-4895-a76d-ab6663d086ef}">
		<property name="name">
			<value>Woosh</value>
		</property>
		<relationship name="effectChain">
			<destination>{8a46b877-746d-40b9-8e05-66972ce2143b}</destination>
		</relationship>
		<relationship name="panner">
			<destination>{5c5527e2-e670-43a0-813f-d5041ef499c0}</destination>
		</relationship>
		<relationship name="output">
			<destination>{3c45a3ae-b800-4b3e-9857-f52742b98266}</destination>
		</relationship>
	</object>
	<object class="MultiSound" id="{a5856054-9279-4e49-8d63-6e91952db16a}">
		<property name="length">
			<value>1.0082539682539682</value>
		</property>
		<relationship name="sounds">
			<destination>{785f43df-ecd6-4634-a096-803d8f04baf6}</destination>
			<destination>{d4ff0d02-d40f-40c9-9167-ee7f9c89a9e2}</destination>
			<destination>{a7b6f7d0-9ab5-4e03-9f73-5d1f6ce88345}</destination>
		</relationship>
	</object>
	<object class="EventMixerGroup" id="{14353d01-18cd-43cb-8adc-3bf45923832a}">
		<property name="volume">
			<value>-12</value>
		</property>
		<property name="name">
			<value>Grunt</value>
		</property>
		<relationship name="effectChain">
			<destination>{a7e16e16-db90-4ff7-b980-20cf43a7c48c}</destination>
		</relationship>
		<relationship name="panner">
			<destination>{2dfd641f-6bf9-4342-8e98-5fd295bcea59}</destination>
		</relationship>
		<relationship name="output">
			<destination>{3c45a3ae-b800-4b3e-9857-f52742b98266}</destination>
		</relationship>
	</object>
	<object class="MixerBusEffectChain" id="{2553532a-303f-4b45-9685-98bf8d291d59}">
		<relationship name="effects">
			<destination>{8d411ba1-3165-41a7-a07c-e627a7e38bf9}</destination>
			<destination>{591b386a-2350-4aea-956a-341747bd685e}</destination>
		</relationship>
	</object>
	<object class="MixerBusPanner" id="{8465c03a-c2a6-4eec-b063-dda371596391}" />
	<object class="MixerBusFader" id="{4ce08d46-34b0-430b-9d0c-650e7fc28965}" />
	<object class="SingleSound" id="{6b912c49-b96b-41fb-af95-b15f48c5313e}">
		<relationship name="audioFile">
			<destination>{9f9e0f10-c2db-4260-8755-9f6f02a81260}</destination>
		</relationship>
	</object>
	<object class="SingleSound" id="{b1b2f601-a09a-405b-8fbf-6ab0a793aa93}">
		<relationship name="audioFile">
			<destination>{262ab305-96e3-46b7-b540-239e3819f4ee}</destination>
		</relationship>
	</object>
	<object class="SingleSound" id="{09914387-87ab-45a4-b2f5-52f94ec0fd68}">
		<relationship name="audioFile">
			<destination>{f3750ee6-7f75-480b-9f0d-0b6bbc4327fa}</destination>
		</relationship>
	</object>
	<object class="MixerBusEffectChain" id="{8a46b877-746d-40b9-8e05-66972ce2143b}">
		<relationship name="effects">
			<destination>{d903d063-8ae7-44ba-a1bb-59ddecd461a2}</destination>
		</relationship>
	</object>
	<object class="MixerBusPanner" id="{5c5527e2-e670-43a0-813f-d5041ef499c0}" />
	<object class="SingleSound" id="{785f43df-ecd6-4634-a096-803d8f04baf6}">
		<relationship name="audioFile">
			<destination>{e705b66b-2b92-4b44-9a58-995735e07f02}</destination>
		</relationship>
	</object>
	<object class="SingleSound" id="{d4ff0d02-d40f-40c9-9167-ee7f9c89a9e2}">
		<relationship name="audioFile">
			<destination>{5a6bd376-5436-425a-b882-4e2fad315c3c}</destination>
		</relationship>
	</object>
	<object class="SingleSound" id="{a7b6f7d0-9ab5-4e03-9f73-5d1f6ce88345}">
		<relationship name="audioFile">
			<destination>{c5e78447-4f96-445b-b3f5-42371324b4f0}</destination>
		</relationship>
	</object>
	<object class="MixerBusEffectChain" id="{a7e16e16-db90-4ff7-b980-20cf43a7c48c}">
		<relationship name="effects">
			<destination>{aaa3b2a5-091e-42d9-bb7b-40e036c26956}</destination>
		</relationship>
	</object>
	<object class="MixerBusPanner" id="{2dfd641f-6bf9-4342-8e98-5fd295bcea59}" />
	<object class="MixerBusFader" id="{8d411ba1-3165-41a7-a07c-e627a7e38bf9}" />
	<object class="SpatialiserEffect" id="{591b386a-2350-4aea-956a-341747bd685e}">
		<property name="maximumDistance">
			<value>100</value>
		</property>
		<property name="extentMode">
			<value>1</value>
		</property>
		<property name="soundSize">
			<value>50</value>
		</property>
	</object>
	<object class="MixerBusFader" id="{d903d063-8ae7-44ba-a1bb-59ddecd461a2}" />
	<object class="MixerBusFader" id="{aaa3b2a5-091e-42d9-bb7b-40e036c26956}" />
</objects>
