<?xml version="1.0" encoding="UTF-8"?>
<objects serializationModel="Studio.02.00.00">
	<object class="Event" id="{312e2f65-40f6-4700-8905-94076d4a95a4}">
		<property name="name">
			<value>PlayerWalk</value>
		</property>
		<property name="outputFormat">
			<value>1</value>
		</property>
		<relationship name="folder">
			<destination>{dd5c3df6-d113-4c5d-92aa-f6edfca9a17f}</destination>
		</relationship>
		<relationship name="mixer">
			<destination>{fac001b2-4e81-456f-b271-8b839ca722e7}</destination>
		</relationship>
		<relationship name="masterTrack">
			<destination>{c5b14f0a-f049-4a36-a850-da8da1b42e62}</destination>
		</relationship>
		<relationship name="mixerInput">
			<destination>{2ff86472-9aaf-429a-88ce-414682b439ea}</destination>
		</relationship>
		<relationship name="automatableProperties">
			<destination>{d2eec773-634d-40ed-902f-9106b035b58e}</destination>
		</relationship>
		<relationship name="markerTracks">
			<destination>{8fbf8109-686e-48a3-bd4a-8ff8a544b92a}</destination>
		</relationship>
		<relationship name="groupTracks">
			<destination>{1c48ee34-23e0-460d-ad76-b4ab0b640435}</destination>
			<destination>{feacde8e-5496-4c07-b20c-5a487ec215a8}</destination>
		</relationship>
		<relationship name="timeline">
			<destination>{a6e44be5-b213-4854-bac4-a362345400f3}</destination>
		</relationship>
		<relationship name="banks">
			<destination>{fc34b2e6-7e7d-444c-8dd0-13ad6733b8a1}</destination>
		</relationship>
	</object>
	<object class="EventMixer" id="{fac001b2-4e81-456f-b271-8b839ca722e7}">
		<relationship name="masterBus">
			<destination>{8b5f2c4e-c7f3-4427-be78-30a92bd83ee7}</destination>
		</relationship>
	</object>
	<object class="MasterTrack" id="{c5b14f0a-f049-4a36-a850-da8da1b42e62}">
		<relationship name="mixerGroup">
			<destination>{8b5f2c4e-c7f3-4427-be78-30a92bd83ee7}</destination>
		</relationship>
	</object>
	<object class="MixerInput" id="{2ff86472-9aaf-429a-88ce-414682b439ea}">
		<relationship name="effectChain">
			<destination>{a81f3f54-bef4-4de9-9934-b71138105b90}</destination>
		</relationship>
		<relationship name="panner">
			<destination>{1f1782be-b344-4ab5-acba-a29bea6d733a}</destination>
		</relationship>
		<relationship name="output">
			<destination>{4778e8ea-745c-4994-8b8a-4a0182cd9786}</destination>
		</relationship>
	</object>
	<object class="EventAutomatableProperties" id="{d2eec773-634d-40ed-902f-9106b035b58e}">
		<property name="maxVoices">
			<value>1</value>
		</property>
	</object>
	<object class="MarkerTrack" id="{8fbf8109-686e-48a3-bd4a-8ff8a544b92a}" />
	<object class="GroupTrack" id="{1c48ee34-23e0-460d-ad76-b4ab0b640435}">
		<relationship name="modules">
			<destination>{b0d76e0b-41f1-4d97-bff9-1e9ffde33f88}</destination>
		</relationship>
		<relationship name="mixerGroup">
			<destination>{59da1e3a-c0e7-45f7-976d-787dd25085e1}</destination>
		</relationship>
	</object>
	<object class="GroupTrack" id="{feacde8e-5496-4c07-b20c-5a487ec215a8}">
		<relationship name="modules">
			<destination>{453e5818-05e4-498c-924b-5229ecdeeeaa}</destination>
		</relationship>
		<relationship name="mixerGroup">
			<destination>{194a5328-c6b1-4287-8b1b-232f50aa1e50}</destination>
		</relationship>
	</object>
	<object class="Timeline" id="{a6e44be5-b213-4854-bac4-a362345400f3}">
		<relationship name="modules">
			<destination>{b0d76e0b-41f1-4d97-bff9-1e9ffde33f88}</destination>
			<destination>{453e5818-05e4-498c-924b-5229ecdeeeaa}</destination>
		</relationship>
	</object>
	<object class="EventMixerMaster" id="{8b5f2c4e-c7f3-4427-be78-30a92bd83ee7}">
		<relationship name="effectChain">
			<destination>{8666a66d-4c20-4723-adf0-b2b7154ce067}</destination>
		</relationship>
		<relationship name="panner">
			<destination>{4bf0c4da-ffcd-4447-ba11-99ee1f583a21}</destination>
		</relationship>
		<relationship name="mixer">
			<destination>{fac001b2-4e81-456f-b271-8b839ca722e7}</destination>
		</relationship>
	</object>
	<object class="MixerBusEffectChain" id="{a81f3f54-bef4-4de9-9934-b71138105b90}">
		<relationship name="effects">
			<destination>{da7c944b-9064-4801-95f9-8251c1ea869f}</destination>
		</relationship>
	</object>
	<object class="MixerBusPanner" id="{1f1782be-b344-4ab5-acba-a29bea6d733a}" />
	<object class="MultiSound" id="{b0d76e0b-41f1-4d97-bff9-1e9ffde33f88}">
		<property name="start">
			<value>0.0050000000000000001</value>
		</property>
		<property name="length">
			<value>0.17000000000000004</value>
		</property>
		<relationship name="modulators">
			<destination>{03548984-5ca1-4a0f-94d3-6e4d896c2f1a}</destination>
		</relationship>
		<relationship name="fadeOutCurve">
			<destination>{c3dace6f-e056-426f-a3a2-e575db11dda3}</destination>
		</relationship>
		<relationship name="sounds">
			<destination>{9b7129bb-d844-4074-801d-7d47762a03d6}</destination>
			<destination>{d892e102-2c85-47c7-ba5a-7c449af8f90e}</destination>
			<destination>{11409980-76b4-43da-956b-42f2190da27f}</destination>
		</relationship>
	</object>
	<object class="EventMixerGroup" id="{59da1e3a-c0e7-45f7-976d-787dd25085e1}">
		<property name="name">
			<value>Steps</value>
		</property>
		<relationship name="modulators">
			<destination>{f388ceef-6440-4dbc-9648-ca0470de1fad}</destination>
		</relationship>
		<relationship name="effectChain">
			<destination>{dfb9a41d-aaa3-4107-bf98-3c3da70ff53e}</destination>
		</relationship>
		<relationship name="panner">
			<destination>{eb557ef8-4232-4e4b-b871-159e7a9654bb}</destination>
		</relationship>
		<relationship name="output">
			<destination>{8b5f2c4e-c7f3-4427-be78-30a92bd83ee7}</destination>
		</relationship>
	</object>
	<object class="MultiSound" id="{453e5818-05e4-498c-924b-5229ecdeeeaa}">
		<property name="length">
			<value>0.44</value>
		</property>
		<relationship name="fadeOutCurve">
			<destination>{8b769354-9700-435c-9877-b05eb20a339a}</destination>
		</relationship>
		<relationship name="sounds">
			<destination>{07008d53-c27e-467a-8dd0-99e362dc9bc8}</destination>
			<destination>{1502b6ad-0cfb-4734-9ac1-4482a79987cb}</destination>
			<destination>{e1fb237b-bbcb-4a4c-8d90-6cc2d8c31336}</destination>
		</relationship>
	</object>
	<object class="EventMixerGroup" id="{194a5328-c6b1-4287-8b1b-232f50aa1e50}">
		<property name="volume">
			<value>-10</value>
		</property>
		<property name="name">
			<value>Gravel</value>
		</property>
		<relationship name="effectChain">
			<destination>{c3657fae-7914-43cf-85df-ab27d3614343}</destination>
		</relationship>
		<relationship name="panner">
			<destination>{f720daf5-dac7-4eea-8124-fa304c15e262}</destination>
		</relationship>
		<relationship name="output">
			<destination>{8b5f2c4e-c7f3-4427-be78-30a92bd83ee7}</destination>
		</relationship>
	</object>
	<object class="MixerBusEffectChain" id="{8666a66d-4c20-4723-adf0-b2b7154ce067}">
		<relationship name="effects">
			<destination>{ca33b275-c11e-464e-ba93-3576830ad6b8}</destination>
			<destination>{4e4eb0be-be2c-42f1-8440-954537ee702b}</destination>
		</relationship>
	</object>
	<object class="MixerBusPanner" id="{4bf0c4da-ffcd-4447-ba11-99ee1f583a21}">
		<property name="overridingOutputFormat">
			<value>1</value>
		</property>
		<property name="outputFormatOverridden">
			<value>true</value>
		</property>
	</object>
	<object class="MixerBusFader" id="{da7c944b-9064-4801-95f9-8251c1ea869f}" />
	<object class="RandomizerModulator" id="{03548984-5ca1-4a0f-94d3-6e4d896c2f1a}">
		<property name="nameOfPropertyBeingModulated">
			<value>pitch</value>
		</property>
		<property name="amount">
			<value>6.25</value>
		</property>
	</object>
	<object class="FadeCurve" id="{c3dace6f-e056-426f-a3a2-e575db11dda3}">
		<relationship name="startPoint">
			<destination>{9334ee4b-a42e-49c4-b293-6ee560c58f66}</destination>
		</relationship>
		<relationship name="endPoint">
			<destination>{da8d7df9-2c02-4f33-9f56-bf95fb8d47fd}</destination>
		</relationship>
	</object>
	<object class="SingleSound" id="{9b7129bb-d844-4074-801d-7d47762a03d6}">
		<relationship name="audioFile">
			<destination>{fe8a714f-2388-44ea-a90d-5b80c3620c4f}</destination>
		</relationship>
	</object>
	<object class="SingleSound" id="{d892e102-2c85-47c7-ba5a-7c449af8f90e}">
		<relationship name="audioFile">
			<destination>{e921c8aa-ec24-4675-ab25-4f004cb55a8b}</destination>
		</relationship>
	</object>
	<object class="SingleSound" id="{11409980-76b4-43da-956b-42f2190da27f}">
		<relationship name="audioFile">
			<destination>{0de922ac-250b-4663-8107-8204d5cc42db}</destination>
		</relationship>
	</object>
	<object class="ADSRModulator" id="{f388ceef-6440-4dbc-9648-ca0470de1fad}">
		<property name="nameOfPropertyBeingModulated">
			<value>volume</value>
		</property>
		<property name="initialValue">
			<value>-80</value>
		</property>
		<property name="attackTime">
			<value>0</value>
		</property>
		<property name="releaseTime">
			<value>120</value>
		</property>
		<property name="finalValue">
			<value>-80</value>
		</property>
	</object>
	<object class="MixerBusEffectChain" id="{dfb9a41d-aaa3-4107-bf98-3c3da70ff53e}">
		<relationship name="effects">
			<destination>{ebf6f4f8-abad-4092-a8c2-421dc850a6bc}</destination>
			<destination>{b00a1b7c-8e16-40ba-9c21-7367c7269dbf}</destination>
		</relationship>
	</object>
	<object class="MixerBusPanner" id="{eb557ef8-4232-4e4b-b871-159e7a9654bb}">
		<property name="outputFormatOverridden">
			<value>true</value>
		</property>
	</object>
	<object class="FadeCurve" id="{8b769354-9700-435c-9877-b05eb20a339a}">
		<relationship name="startPoint">
			<destination>{70407973-d852-4254-8545-72d5f3f1e8bc}</destination>
		</relationship>
		<relationship name="endPoint">
			<destination>{aab7d12d-196d-4243-b269-4f71652ffc97}</destination>
		</relationship>
	</object>
	<object class="SingleSound" id="{07008d53-c27e-467a-8dd0-99e362dc9bc8}">
		<relationship name="audioFile">
			<destination>{3263fb61-9c0d-4bf7-8d4b-74e12269412d}</destination>
		</relationship>
	</object>
	<object class="SingleSound" id="{1502b6ad-0cfb-4734-9ac1-4482a79987cb}">
		<relationship name="audioFile">
			<destination>{fb254306-ddd4-4e34-9c85-420b173bd198}</destination>
		</relationship>
	</object>
	<object class="SingleSound" id="{e1fb237b-bbcb-4a4c-8d90-6cc2d8c31336}">
		<relationship name="audioFile">
			<destination>{d312ea87-eabb-452f-b2b4-faf91b38821d}</destination>
		</relationship>
	</object>
	<object class="MixerBusEffectChain" id="{c3657fae-7914-43cf-85df-ab27d3614343}">
		<relationship name="effects">
			<destination>{29b9680c-d757-47ce-bd8a-6fd0f2c074cb}</destination>
		</relationship>
	</object>
	<object class="MixerBusPanner" id="{f720daf5-dac7-4eea-8124-fa304c15e262}">
		<property name="outputFormatOverridden">
			<value>true</value>
		</property>
	</object>
	<object class="MixerBusFader" id="{ca33b275-c11e-464e-ba93-3576830ad6b8}" />
	<object class="SpatialiserEffect" id="{4e4eb0be-be2c-42f1-8440-954537ee702b}">
		<property name="extentMode">
			<value>1</value>
		</property>
		<property name="soundSize">
			<value>2.9000001</value>
		</property>
	</object>
	<object class="AutomationPoint" id="{9334ee4b-a42e-49c4-b293-6ee560c58f66}">
		<property name="position">
			<value>0.16684236453201967</value>
		</property>
		<property name="value">
			<value>1</value>
		</property>
		<property name="curveShape">
			<value>0.391661823</value>
		</property>
	</object>
	<object class="AutomationPoint" id="{da8d7df9-2c02-4f33-9f56-bf95fb8d47fd}">
		<property name="position">
			<value>0.17499999999999988</value>
		</property>
		<property name="value">
			<value>0</value>
		</property>
	</object>
	<object class="MixerBusFader" id="{ebf6f4f8-abad-4092-a8c2-421dc850a6bc}" />
	<object class="ThreeEQEffect" id="{b00a1b7c-8e16-40ba-9c21-7367c7269dbf}">
		<property name="lowGain">
			<value>-4</value>
		</property>
		<property name="midGain">
			<value>-8.5</value>
		</property>
	</object>
	<object class="AutomationPoint" id="{70407973-d852-4254-8545-72d5f3f1e8bc}">
		<property name="position">
			<value>0.10000000000000001</value>
		</property>
		<property name="value">
			<value>1</value>
		</property>
		<property name="curveShape">
			<value>-0.489006966</value>
		</property>
	</object>
	<object class="AutomationPoint" id="{aab7d12d-196d-4243-b269-4f71652ffc97}">
		<property name="position">
			<value>0.44</value>
		</property>
		<property name="value">
			<value>0</value>
		</property>
	</object>
	<object class="MixerBusFader" id="{29b9680c-d757-47ce-bd8a-6fd0f2c074cb}" />
</objects>
