<?xml version="1.0" encoding="UTF-8"?>
<objects serializationModel="Studio.02.00.00">
	<object class="Event" id="{4da4bd07-ed08-4521-a0fc-c65012f9a579}">
		<property name="name">
			<value>Menu</value>
		</property>
		<property name="outputFormat">
			<value>1</value>
		</property>
		<relationship name="folder">
			<destination>{55ef88bc-a902-44e9-8fbb-b2a6687bcc8d}</destination>
		</relationship>
		<relationship name="mixer">
			<destination>{bc963cac-f94b-42bf-b540-539cfc39db22}</destination>
		</relationship>
		<relationship name="masterTrack">
			<destination>{53ed25d8-e0f2-400d-b92b-9c9bfc775d84}</destination>
		</relationship>
		<relationship name="mixerInput">
			<destination>{ae95f535-c5ca-4676-9a71-19f9145b0e8e}</destination>
		</relationship>
		<relationship name="automatableProperties">
			<destination>{8312e341-32ab-444b-8811-78c180829f9c}</destination>
		</relationship>
		<relationship name="markerTracks">
			<destination>{f55368b5-b155-4896-9b92-28233a3b422c}</destination>
		</relationship>
		<relationship name="groupTracks">
			<destination>{dd3465ca-e414-47c1-a2eb-1f84637b61c1}</destination>
		</relationship>
		<relationship name="timeline">
			<destination>{144ce906-db05-4298-9b75-cec4ad0b78e3}</destination>
		</relationship>
		<relationship name="banks">
			<destination>{fc34b2e6-7e7d-444c-8dd0-13ad6733b8a1}</destination>
		</relationship>
	</object>
	<object class="EventMixer" id="{bc963cac-f94b-42bf-b540-539cfc39db22}">
		<relationship name="masterBus">
			<destination>{10cbe1a3-bbea-4c17-b48a-4e83a87cd334}</destination>
		</relationship>
	</object>
	<object class="MasterTrack" id="{53ed25d8-e0f2-400d-b92b-9c9bfc775d84}">
		<relationship name="mixerGroup">
			<destination>{10cbe1a3-bbea-4c17-b48a-4e83a87cd334}</destination>
		</relationship>
	</object>
	<object class="MixerInput" id="{ae95f535-c5ca-4676-9a71-19f9145b0e8e}">
		<relationship name="effectChain">
			<destination>{33f4b51b-7e33-4380-b66b-d119a0016a1b}</destination>
		</relationship>
		<relationship name="panner">
			<destination>{68a4e8fe-0a29-49c0-a3c9-43d2fe974c61}</destination>
		</relationship>
		<relationship name="output">
			<destination>{1e83b236-5d32-432a-83e3-daa83971c82f}</destination>
		</relationship>
	</object>
	<object class="EventAutomatableProperties" id="{8312e341-32ab-444b-8811-78c180829f9c}" />
	<object class="MarkerTrack" id="{f55368b5-b155-4896-9b92-28233a3b422c}" />
	<object class="GroupTrack" id="{dd3465ca-e414-47c1-a2eb-1f84637b61c1}">
		<relationship name="modules">
			<destination>{eb30992b-22e2-4b87-bdd3-1cae19392227}</destination>
		</relationship>
		<relationship name="mixerGroup">
			<destination>{51e99dfc-5b93-45fa-b522-1f1b77ee32fe}</destination>
		</relationship>
	</object>
	<object class="Timeline" id="{144ce906-db05-4298-9b75-cec4ad0b78e3}">
		<relationship name="modules">
			<destination>{eb30992b-22e2-4b87-bdd3-1cae19392227}</destination>
		</relationship>
		<relationship name="markers">
			<destination>{00b6e9f2-1d68-4fae-b77f-36798a5eab9e}</destination>
			<destination>{181f3b0e-ffa3-4e97-8f1f-8c0ca208cafe}</destination>
		</relationship>
	</object>
	<object class="EventMixerMaster" id="{10cbe1a3-bbea-4c17-b48a-4e83a87cd334}">
		<relationship name="effectChain">
			<destination>{26a833ff-83a4-45cb-9339-cba33ca6ab45}</destination>
		</relationship>
		<relationship name="panner">
			<destination>{8523a468-d5b0-4d81-82fe-0d7500972dd8}</destination>
		</relationship>
		<relationship name="mixer">
			<destination>{bc963cac-f94b-42bf-b540-539cfc39db22}</destination>
		</relationship>
	</object>
	<object class="MixerBusEffectChain" id="{33f4b51b-7e33-4380-b66b-d119a0016a1b}">
		<relationship name="effects">
			<destination>{126b724d-374b-498a-9b2e-63af1cd10f86}</destination>
		</relationship>
	</object>
	<object class="MixerBusPanner" id="{68a4e8fe-0a29-49c0-a3c9-43d2fe974c61}" />
	<object class="SingleSound" id="{eb30992b-22e2-4b87-bdd3-1cae19392227}">
		<property name="length">
			<value>89.666666666666671</value>
		</property>
		<relationship name="fadeInCurve">
			<destination>{2a4a483f-9d91-4995-924e-1d992f3af039}</destination>
		</relationship>
		<relationship name="audioFile">
			<destination>{e237b952-aa9f-4049-a126-df48125ec161}</destination>
		</relationship>
	</object>
	<object class="EventMixerGroup" id="{51e99dfc-5b93-45fa-b522-1f1b77ee32fe}">
		<property name="name">
			<value>Audio 1</value>
		</property>
		<relationship name="effectChain">
			<destination>{ee15f4bf-8034-4a55-8b2c-1b9118f753b5}</destination>
		</relationship>
		<relationship name="panner">
			<destination>{8bdecade-d552-4205-b098-cd0903622a84}</destination>
		</relationship>
		<relationship name="output">
			<destination>{10cbe1a3-bbea-4c17-b48a-4e83a87cd334}</destination>
		</relationship>
	</object>
	<object class="LoopRegion" id="{00b6e9f2-1d68-4fae-b77f-36798a5eab9e}">
		<property name="position">
			<value>62</value>
		</property>
		<property name="length">
			<value>16</value>
		</property>
		<relationship name="timeline">
			<destination>{144ce906-db05-4298-9b75-cec4ad0b78e3}</destination>
		</relationship>
		<relationship name="markerTrack">
			<destination>{f55368b5-b155-4896-9b92-28233a3b422c}</destination>
		</relationship>
	</object>
	<object class="TempoMarker" id="{181f3b0e-ffa3-4e97-8f1f-8c0ca208cafe}">
		<property name="position">
			<value>0</value>
		</property>
		<property name="tempo">
			<value>90</value>
		</property>
		<relationship name="timeline">
			<destination>{144ce906-db05-4298-9b75-cec4ad0b78e3}</destination>
		</relationship>
		<relationship name="markerTrack">
			<destination>{f55368b5-b155-4896-9b92-28233a3b422c}</destination>
		</relationship>
	</object>
	<object class="MixerBusEffectChain" id="{26a833ff-83a4-45cb-9339-cba33ca6ab45}">
		<relationship name="effects">
			<destination>{622c4f77-cc89-4646-a52b-838af4575dda}</destination>
		</relationship>
	</object>
	<object class="MixerBusPanner" id="{8523a468-d5b0-4d81-82fe-0d7500972dd8}" />
	<object class="MixerBusFader" id="{126b724d-374b-498a-9b2e-63af1cd10f86}" />
	<object class="FadeCurve" id="{2a4a483f-9d91-4995-924e-1d992f3af039}">
		<relationship name="startPoint">
			<destination>{c50b8ab0-4ad6-43b4-83ad-38c246d793bd}</destination>
		</relationship>
		<relationship name="endPoint">
			<destination>{46fec7c2-84dd-4030-8105-099eeda334e2}</destination>
		</relationship>
	</object>
	<object class="MixerBusEffectChain" id="{ee15f4bf-8034-4a55-8b2c-1b9118f753b5}">
		<relationship name="effects">
			<destination>{b797167f-9477-4e6c-a7aa-7513648bc7b5}</destination>
			<destination>{2b69460a-afd5-4780-884c-44385ba0da7c}</destination>
			<destination>{5362bf84-255d-4faa-85f9-0a47bf716794}</destination>
		</relationship>
	</object>
	<object class="MixerBusPanner" id="{8bdecade-d552-4205-b098-cd0903622a84}" />
	<object class="MixerBusFader" id="{622c4f77-cc89-4646-a52b-838af4575dda}" />
	<object class="AutomationPoint" id="{c50b8ab0-4ad6-43b4-83ad-38c246d793bd}">
		<property name="position">
			<value>0</value>
		</property>
		<property name="value">
			<value>0</value>
		</property>
		<property name="curveShape">
			<value>-0.2547189</value>
		</property>
	</object>
	<object class="AutomationPoint" id="{46fec7c2-84dd-4030-8105-099eeda334e2}">
		<property name="position">
			<value>0.16666666666666666</value>
		</property>
		<property name="value">
			<value>1</value>
		</property>
	</object>
	<object class="MixerBusFader" id="{b797167f-9477-4e6c-a7aa-7513648bc7b5}" />
	<object class="ThreeEQEffect" id="{2b69460a-afd5-4780-884c-44385ba0da7c}">
		<property name="highGain">
			<value>-3</value>
		</property>
	</object>
	<object class="ConvolutionReverbEffect" id="{5362bf84-255d-4faa-85f9-0a47bf716794}">
		<property name="endFrame">
			<value>191999</value>
		</property>
		<property name="wetLevel">
			<value>-37</value>
		</property>
		<property name="dryLevel">
			<value>0</value>
		</property>
	</object>
</objects>
