<?xml version="1.0" encoding="UTF-8"?>
<objects serializationModel="Studio.02.00.00">
	<object class="Event" id="{519a8fa4-adf1-4e9a-9a30-c7db20f163fc}">
		<property name="name">
			<value>Announcer_Player_Defeated</value>
		</property>
		<property name="outputFormat">
			<value>1</value>
		</property>
		<relationship name="folder">
			<destination>{08d1bd8f-9240-41cf-ab6a-70763ba96668}</destination>
		</relationship>
		<relationship name="mixer">
			<destination>{c5fcde96-acf6-4162-b5f9-2f1ad9dd1238}</destination>
		</relationship>
		<relationship name="masterTrack">
			<destination>{d28c1098-5cd3-4873-8733-70e3c09234b7}</destination>
		</relationship>
		<relationship name="mixerInput">
			<destination>{9f53c768-9269-4d45-9c10-29f577141089}</destination>
		</relationship>
		<relationship name="automatableProperties">
			<destination>{5f176e31-926b-4229-a270-ce2087fa84af}</destination>
		</relationship>
		<relationship name="markerTracks">
			<destination>{f273def6-4343-4747-a5fa-eaaeb6f26643}</destination>
			<destination>{a9c2cac4-b59d-4c17-a808-e6889d2ec38e}</destination>
			<destination>{91420250-f73c-46fe-aa4b-33982e54f1dd}</destination>
			<destination>{81309126-8d54-48f7-af29-32f05f2cc1db}</destination>
			<destination>{5925f203-5b3f-48a9-afff-324fc7cb5202}</destination>
			<destination>{db47071e-89aa-4a20-8899-c3ae0db11321}</destination>
		</relationship>
		<relationship name="groupTracks">
			<destination>{68c08b36-c625-4fc6-85a7-a66384d366a0}</destination>
		</relationship>
		<relationship name="timeline">
			<destination>{b4443beb-d77c-49c0-9857-f591606f461a}</destination>
		</relationship>
		<relationship name="parameters">
			<destination>{e906826c-3c6a-4401-bfd5-ec6f2e8cd5d3}</destination>
		</relationship>
		<relationship name="banks">
			<destination>{fc34b2e6-7e7d-444c-8dd0-13ad6733b8a1}</destination>
		</relationship>
	</object>
	<object class="EventMixer" id="{c5fcde96-acf6-4162-b5f9-2f1ad9dd1238}">
		<relationship name="masterBus">
			<destination>{0ca0ae29-a0ea-46bf-a129-de192b7384de}</destination>
		</relationship>
	</object>
	<object class="MasterTrack" id="{d28c1098-5cd3-4873-8733-70e3c09234b7}">
		<relationship name="mixerGroup">
			<destination>{0ca0ae29-a0ea-46bf-a129-de192b7384de}</destination>
		</relationship>
	</object>
	<object class="MixerInput" id="{9f53c768-9269-4d45-9c10-29f577141089}">
		<relationship name="effectChain">
			<destination>{c91ba006-c0f5-432b-a55b-73a3bd391633}</destination>
		</relationship>
		<relationship name="panner">
			<destination>{06db3b1b-71b4-4653-9c91-e0243405103a}</destination>
		</relationship>
		<relationship name="output">
			<destination>{4778e8ea-745c-4994-8b8a-4a0182cd9786}</destination>
		</relationship>
	</object>
	<object class="EventAutomatableProperties" id="{5f176e31-926b-4229-a270-ce2087fa84af}" />
	<object class="MarkerTrack" id="{f273def6-4343-4747-a5fa-eaaeb6f26643}" />
	<object class="MarkerTrack" id="{a9c2cac4-b59d-4c17-a808-e6889d2ec38e}" />
	<object class="MarkerTrack" id="{91420250-f73c-46fe-aa4b-33982e54f1dd}" />
	<object class="MarkerTrack" id="{81309126-8d54-48f7-af29-32f05f2cc1db}" />
	<object class="MarkerTrack" id="{5925f203-5b3f-48a9-afff-324fc7cb5202}" />
	<object class="MarkerTrack" id="{db47071e-89aa-4a20-8899-c3ae0db11321}" />
	<object class="GroupTrack" id="{68c08b36-c625-4fc6-85a7-a66384d366a0}">
		<relationship name="modules">
			<destination>{3185426d-c706-41e1-8744-4c7ff0a1c9af}</destination>
			<destination>{3dc31152-6511-492d-98fb-6cff3ceeede5}</destination>
			<destination>{d15c19f7-983e-440e-85eb-3d49e8007616}</destination>
			<destination>{62d4bf66-d974-4914-b2c6-581ab3eae052}</destination>
		</relationship>
		<relationship name="mixerGroup">
			<destination>{453fc7c5-183a-4025-9087-d06a36a5fc56}</destination>
		</relationship>
	</object>
	<object class="Timeline" id="{b4443beb-d77c-49c0-9857-f591606f461a}">
		<relationship name="modules">
			<destination>{3185426d-c706-41e1-8744-4c7ff0a1c9af}</destination>
			<destination>{3dc31152-6511-492d-98fb-6cff3ceeede5}</destination>
			<destination>{d15c19f7-983e-440e-85eb-3d49e8007616}</destination>
			<destination>{62d4bf66-d974-4914-b2c6-581ab3eae052}</destination>
		</relationship>
		<relationship name="markers">
			<destination>{61a7b99b-7bd8-4f2b-b924-59a0da1c8f92}</destination>
			<destination>{e8959bf2-af82-4fd7-85d4-59af62aa1658}</destination>
			<destination>{75d6170f-f0f9-4c1e-8379-ac742d1d492b}</destination>
			<destination>{6db0a096-2848-41ec-a1e8-2620fb710bc7}</destination>
			<destination>{f16dc29c-082b-469f-b5c7-236edf5bbb4d}</destination>
			<destination>{c4e3ec24-9701-40a2-ad95-9e4d9c937166}</destination>
			<destination>{4dfadeba-0e65-413a-b58e-5156b39e890e}</destination>
			<destination>{25c46fc2-51e8-4b87-82af-ccb782d6fe2a}</destination>
			<destination>{52a5f9b8-e92f-4730-9455-af93792e647a}</destination>
			<destination>{1f986f9d-20ee-4f26-bf55-4a1b66022f01}</destination>
			<destination>{d6511c00-e42c-41d0-8d93-3b40966f2c6d}</destination>
			<destination>{a0025776-3761-4952-9577-506090763358}</destination>
			<destination>{4fba19b8-f671-49ce-ac8e-4bc76cede78b}</destination>
			<destination>{7c77c6cf-12cd-4eba-8f9d-9199e02352ff}</destination>
			<destination>{e11b148d-d174-49bd-b0e9-5763bf14bdac}</destination>
			<destination>{5c1554e9-f3e7-4c86-ae47-e9a5740c18fa}</destination>
			<destination>{ec40d994-d238-4d7a-94fa-d4d1800c7f6b}</destination>
			<destination>{94899854-4a44-4895-b840-13c9a69f25d5}</destination>
			<destination>{8bb068ac-6f70-4af7-9b3f-f87712c0aed4}</destination>
			<destination>{1631924e-6f14-4cfe-bfb0-7fc9a971729b}</destination>
			<destination>{14c8ef6c-a1ec-4884-b93c-cf941f005cf1}</destination>
			<destination>{a7b9cf94-3a62-4125-89c5-3b0daf58e2f9}</destination>
			<destination>{82537122-d817-496a-bce3-c8c397a14298}</destination>
			<destination>{65966924-ef21-4877-becc-e6761e2832c7}</destination>
			<destination>{bfdc6146-dac5-417c-a14a-9a914637c1fc}</destination>
			<destination>{861e1b19-20e6-4d00-9f51-c868d04aaa82}</destination>
		</relationship>
	</object>
	<object class="ParameterProxy" id="{e906826c-3c6a-4401-bfd5-ec6f2e8cd5d3}">
		<relationship name="preset">
			<destination>{cf125297-bc43-4cb1-832a-9c2b76a711de}</destination>
		</relationship>
	</object>
	<object class="EventMixerMaster" id="{0ca0ae29-a0ea-46bf-a129-de192b7384de}">
		<relationship name="effectChain">
			<destination>{ac847953-5d85-4bb6-8dbf-beb688b0440f}</destination>
		</relationship>
		<relationship name="panner">
			<destination>{891a3b51-7e43-4e8f-b4e7-8bb517dd6fcd}</destination>
		</relationship>
		<relationship name="mixer">
			<destination>{c5fcde96-acf6-4162-b5f9-2f1ad9dd1238}</destination>
		</relationship>
	</object>
	<object class="MixerBusEffectChain" id="{c91ba006-c0f5-432b-a55b-73a3bd391633}">
		<relationship name="effects">
			<destination>{b7ba76da-eb1b-49df-a119-e7342f873416}</destination>
		</relationship>
	</object>
	<object class="MixerBusPanner" id="{06db3b1b-71b4-4653-9c91-e0243405103a}" />
	<object class="SingleSound" id="{3185426d-c706-41e1-8744-4c7ff0a1c9af}">
		<property name="start">
			<value>2</value>
		</property>
		<property name="length">
			<value>6.2352154195011336</value>
		</property>
		<relationship name="fadeOutCurve">
			<destination>{9ed69db8-db94-480d-81d1-59ed37b67fec}</destination>
		</relationship>
		<relationship name="audioFile">
			<destination>{38418134-4112-4540-89f7-e97f8817a040}</destination>
		</relationship>
	</object>
	<object class="SingleSound" id="{3dc31152-6511-492d-98fb-6cff3ceeede5}">
		<property name="start">
			<value>9.2000000000000011</value>
		</property>
		<property name="length">
			<value>5.2544217687074832</value>
		</property>
		<relationship name="fadeOutCurve">
			<destination>{3dd5fcf4-7aaf-47d5-a6db-55ee3b9e80ab}</destination>
		</relationship>
		<relationship name="audioFile">
			<destination>{789ea55e-6828-4056-b75e-39ebce5ec92c}</destination>
		</relationship>
	</object>
	<object class="SingleSound" id="{d15c19f7-983e-440e-85eb-3d49e8007616}">
		<property name="start">
			<value>15.4</value>
		</property>
		<property name="length">
			<value>5.3945124716553288</value>
		</property>
		<relationship name="fadeOutCurve">
			<destination>{996deff5-43d7-42a7-8fc4-217b303cde4f}</destination>
		</relationship>
		<relationship name="audioFile">
			<destination>{02bb794a-f6cb-4a16-ad54-e66a26296d68}</destination>
		</relationship>
	</object>
	<object class="SingleSound" id="{62d4bf66-d974-4914-b2c6-581ab3eae052}">
		<property name="start">
			<value>23.07830486973344</value>
		</property>
		<property name="length">
			<value>4.8340589569160999</value>
		</property>
		<relationship name="fadeOutCurve">
			<destination>{53bc6ce3-cd69-438e-9873-04ff82518646}</destination>
		</relationship>
		<relationship name="audioFile">
			<destination>{aedbabb4-8c74-4e39-9a78-035f522c89d6}</destination>
		</relationship>
	</object>
	<object class="EventMixerGroup" id="{453fc7c5-183a-4025-9087-d06a36a5fc56}">
		<property name="volume">
			<value>-10</value>
		</property>
		<property name="name">
			<value>Defeat</value>
		</property>
		<relationship name="effectChain">
			<destination>{e5e17a72-a216-40cc-8f1b-481b8d664915}</destination>
		</relationship>
		<relationship name="panner">
			<destination>{1888d723-4a2b-46f0-bbc9-e67de3ba1d3e}</destination>
		</relationship>
		<relationship name="output">
			<destination>{0ca0ae29-a0ea-46bf-a129-de192b7384de}</destination>
		</relationship>
	</object>
	<object class="LoopRegion" id="{61a7b99b-7bd8-4f2b-b924-59a0da1c8f92}">
		<property name="position">
			<value>0</value>
		</property>
		<property name="length">
			<value>0.935960591133005</value>
		</property>
		<relationship name="timeline">
			<destination>{b4443beb-d77c-49c0-9857-f591606f461a}</destination>
		</relationship>
		<relationship name="markerTrack">
			<destination>{db47071e-89aa-4a20-8899-c3ae0db11321}</destination>
		</relationship>
	</object>
	<object class="NamedMarker" id="{e8959bf2-af82-4fd7-85d4-59af62aa1658}">
		<property name="position">
			<value>2</value>
		</property>
		<property name="name">
			<value>Player1</value>
		</property>
		<relationship name="timeline">
			<destination>{b4443beb-d77c-49c0-9857-f591606f461a}</destination>
		</relationship>
		<relationship name="markerTrack">
			<destination>{db47071e-89aa-4a20-8899-c3ae0db11321}</destination>
		</relationship>
	</object>
	<object class="NamedMarker" id="{75d6170f-f0f9-4c1e-8379-ac742d1d492b}">
		<property name="position">
			<value>9.2000000000000011</value>
		</property>
		<property name="name">
			<value>Player2</value>
		</property>
		<relationship name="timeline">
			<destination>{b4443beb-d77c-49c0-9857-f591606f461a}</destination>
		</relationship>
		<relationship name="markerTrack">
			<destination>{db47071e-89aa-4a20-8899-c3ae0db11321}</destination>
		</relationship>
	</object>
	<object class="NamedMarker" id="{6db0a096-2848-41ec-a1e8-2620fb710bc7}">
		<property name="position">
			<value>15.4</value>
		</property>
		<property name="name">
			<value>Player3</value>
		</property>
		<relationship name="timeline">
			<destination>{b4443beb-d77c-49c0-9857-f591606f461a}</destination>
		</relationship>
		<relationship name="markerTrack">
			<destination>{db47071e-89aa-4a20-8899-c3ae0db11321}</destination>
		</relationship>
	</object>
	<object class="NamedMarker" id="{f16dc29c-082b-469f-b5c7-236edf5bbb4d}">
		<property name="position">
			<value>23.07830486973344</value>
		</property>
		<property name="name">
			<value>Player4</value>
		</property>
		<relationship name="timeline">
			<destination>{b4443beb-d77c-49c0-9857-f591606f461a}</destination>
		</relationship>
		<relationship name="markerTrack">
			<destination>{db47071e-89aa-4a20-8899-c3ae0db11321}</destination>
		</relationship>
	</object>
	<object class="TransitionRegion" id="{c4e3ec24-9701-40a2-ad95-9e4d9c937166}">
		<property name="position">
			<value>0</value>
		</property>
		<property name="length">
			<value>2</value>
		</property>
		<relationship name="timeline">
			<destination>{b4443beb-d77c-49c0-9857-f591606f461a}</destination>
		</relationship>
		<relationship name="markerTrack">
			<destination>{a9c2cac4-b59d-4c17-a808-e6889d2ec38e}</destination>
		</relationship>
		<relationship name="destination">
			<destination>{e8959bf2-af82-4fd7-85d4-59af62aa1658}</destination>
		</relationship>
		<relationship name="triggerConditions">
			<destination>{12e22591-06f2-414e-829d-de04991538bf}</destination>
		</relationship>
	</object>
	<object class="TransitionRegion" id="{4dfadeba-0e65-413a-b58e-5156b39e890e}">
		<property name="position">
			<value>0</value>
		</property>
		<property name="length">
			<value>2</value>
		</property>
		<relationship name="timeline">
			<destination>{b4443beb-d77c-49c0-9857-f591606f461a}</destination>
		</relationship>
		<relationship name="markerTrack">
			<destination>{91420250-f73c-46fe-aa4b-33982e54f1dd}</destination>
		</relationship>
		<relationship name="destination">
			<destination>{75d6170f-f0f9-4c1e-8379-ac742d1d492b}</destination>
		</relationship>
		<relationship name="triggerConditions">
			<destination>{152112f0-36cd-4354-92be-fb66e4368680}</destination>
		</relationship>
	</object>
	<object class="TransitionRegion" id="{25c46fc2-51e8-4b87-82af-ccb782d6fe2a}">
		<property name="position">
			<value>0</value>
		</property>
		<property name="length">
			<value>2</value>
		</property>
		<relationship name="timeline">
			<destination>{b4443beb-d77c-49c0-9857-f591606f461a}</destination>
		</relationship>
		<relationship name="markerTrack">
			<destination>{81309126-8d54-48f7-af29-32f05f2cc1db}</destination>
		</relationship>
		<relationship name="destination">
			<destination>{6db0a096-2848-41ec-a1e8-2620fb710bc7}</destination>
		</relationship>
		<relationship name="triggerConditions">
			<destination>{84db0a54-2ef0-4ff0-80ef-e5a0cf08f7b2}</destination>
		</relationship>
	</object>
	<object class="TransitionRegion" id="{52a5f9b8-e92f-4730-9455-af93792e647a}">
		<property name="position">
			<value>0</value>
		</property>
		<property name="length">
			<value>2</value>
		</property>
		<relationship name="timeline">
			<destination>{b4443beb-d77c-49c0-9857-f591606f461a}</destination>
		</relationship>
		<relationship name="markerTrack">
			<destination>{5925f203-5b3f-48a9-afff-324fc7cb5202}</destination>
		</relationship>
		<relationship name="destination">
			<destination>{f16dc29c-082b-469f-b5c7-236edf5bbb4d}</destination>
		</relationship>
		<relationship name="triggerConditions">
			<destination>{7ed0399b-4525-45e8-9c74-811fa1882329}</destination>
		</relationship>
	</object>
	<object class="NamedMarker" id="{1f986f9d-20ee-4f26-bf55-4a1b66022f01}">
		<property name="position">
			<value>0</value>
		</property>
		<property name="name">
			<value>Idle</value>
		</property>
		<relationship name="timeline">
			<destination>{b4443beb-d77c-49c0-9857-f591606f461a}</destination>
		</relationship>
		<relationship name="markerTrack">
			<destination>{f273def6-4343-4747-a5fa-eaaeb6f26643}</destination>
		</relationship>
	</object>
	<object class="LoopRegion" id="{d6511c00-e42c-41d0-8d93-3b40966f2c6d}">
		<property name="position">
			<value>27.981904047020304</value>
		</property>
		<property name="length">
			<value>1.0876361733504645</value>
		</property>
		<relationship name="timeline">
			<destination>{b4443beb-d77c-49c0-9857-f591606f461a}</destination>
		</relationship>
		<relationship name="markerTrack">
			<destination>{db47071e-89aa-4a20-8899-c3ae0db11321}</destination>
		</relationship>
	</object>
	<object class="LoopRegion" id="{a0025776-3761-4952-9577-506090763358}">
		<property name="position">
			<value>8.2352154195011344</value>
		</property>
		<property name="length">
			<value>0.96478458049886662</value>
		</property>
		<relationship name="timeline">
			<destination>{b4443beb-d77c-49c0-9857-f591606f461a}</destination>
		</relationship>
		<relationship name="markerTrack">
			<destination>{db47071e-89aa-4a20-8899-c3ae0db11321}</destination>
		</relationship>
	</object>
	<object class="LoopRegion" id="{4fba19b8-f671-49ce-ac8e-4bc76cede78b}">
		<property name="position">
			<value>14.454421768707483</value>
		</property>
		<property name="length">
			<value>0.94557823129251695</value>
		</property>
		<relationship name="timeline">
			<destination>{b4443beb-d77c-49c0-9857-f591606f461a}</destination>
		</relationship>
		<relationship name="markerTrack">
			<destination>{db47071e-89aa-4a20-8899-c3ae0db11321}</destination>
		</relationship>
	</object>
	<object class="LoopRegion" id="{7c77c6cf-12cd-4eba-8f9d-9199e02352ff}">
		<property name="position">
			<value>20.794512471655331</value>
		</property>
		<property name="length">
			<value>1.2054875283446691</value>
		</property>
		<relationship name="timeline">
			<destination>{b4443beb-d77c-49c0-9857-f591606f461a}</destination>
		</relationship>
		<relationship name="markerTrack">
			<destination>{db47071e-89aa-4a20-8899-c3ae0db11321}</destination>
		</relationship>
	</object>
	<object class="TransitionRegion" id="{e11b148d-d174-49bd-b0e9-5763bf14bdac}">
		<property name="position">
			<value>8.2352154195011344</value>
		</property>
		<property name="length">
			<value>0.96478458049886662</value>
		</property>
		<relationship name="timeline">
			<destination>{b4443beb-d77c-49c0-9857-f591606f461a}</destination>
		</relationship>
		<relationship name="markerTrack">
			<destination>{91420250-f73c-46fe-aa4b-33982e54f1dd}</destination>
		</relationship>
		<relationship name="destination">
			<destination>{75d6170f-f0f9-4c1e-8379-ac742d1d492b}</destination>
		</relationship>
		<relationship name="triggerConditions">
			<destination>{76511ae8-8a69-4a35-9c2b-9249b064dbb4}</destination>
		</relationship>
	</object>
	<object class="TransitionRegion" id="{5c1554e9-f3e7-4c86-ae47-e9a5740c18fa}">
		<property name="position">
			<value>8.2352154195011344</value>
		</property>
		<property name="length">
			<value>0.96478458049886662</value>
		</property>
		<relationship name="timeline">
			<destination>{b4443beb-d77c-49c0-9857-f591606f461a}</destination>
		</relationship>
		<relationship name="markerTrack">
			<destination>{81309126-8d54-48f7-af29-32f05f2cc1db}</destination>
		</relationship>
		<relationship name="destination">
			<destination>{6db0a096-2848-41ec-a1e8-2620fb710bc7}</destination>
		</relationship>
		<relationship name="triggerConditions">
			<destination>{63dfab2b-f712-414b-91ba-6c2b7a34d28c}</destination>
		</relationship>
	</object>
	<object class="TransitionRegion" id="{ec40d994-d238-4d7a-94fa-d4d1800c7f6b}">
		<property name="position">
			<value>8.2352154195011344</value>
		</property>
		<property name="length">
			<value>0.96478458049886662</value>
		</property>
		<relationship name="timeline">
			<destination>{b4443beb-d77c-49c0-9857-f591606f461a}</destination>
		</relationship>
		<relationship name="markerTrack">
			<destination>{5925f203-5b3f-48a9-afff-324fc7cb5202}</destination>
		</relationship>
		<relationship name="destination">
			<destination>{f16dc29c-082b-469f-b5c7-236edf5bbb4d}</destination>
		</relationship>
		<relationship name="triggerConditions">
			<destination>{17fe8779-31f0-4e7e-a9c3-36bba2939dcb}</destination>
		</relationship>
	</object>
	<object class="TransitionRegion" id="{94899854-4a44-4895-b840-13c9a69f25d5}">
		<property name="position">
			<value>14.454421768707483</value>
		</property>
		<property name="length">
			<value>0.94557823129251695</value>
		</property>
		<relationship name="timeline">
			<destination>{b4443beb-d77c-49c0-9857-f591606f461a}</destination>
		</relationship>
		<relationship name="markerTrack">
			<destination>{91420250-f73c-46fe-aa4b-33982e54f1dd}</destination>
		</relationship>
		<relationship name="destination">
			<destination>{e8959bf2-af82-4fd7-85d4-59af62aa1658}</destination>
		</relationship>
		<relationship name="triggerConditions">
			<destination>{59871afb-80d1-4572-b412-aa82f0eb44b9}</destination>
		</relationship>
	</object>
	<object class="TransitionRegion" id="{8bb068ac-6f70-4af7-9b3f-f87712c0aed4}">
		<property name="position">
			<value>14.454421768707483</value>
		</property>
		<property name="length">
			<value>0.94557823129251695</value>
		</property>
		<relationship name="timeline">
			<destination>{b4443beb-d77c-49c0-9857-f591606f461a}</destination>
		</relationship>
		<relationship name="markerTrack">
			<destination>{81309126-8d54-48f7-af29-32f05f2cc1db}</destination>
		</relationship>
		<relationship name="destination">
			<destination>{6db0a096-2848-41ec-a1e8-2620fb710bc7}</destination>
		</relationship>
		<relationship name="triggerConditions">
			<destination>{33b69b5f-ae09-4817-b431-f3ad714576e5}</destination>
		</relationship>
	</object>
	<object class="TransitionRegion" id="{1631924e-6f14-4cfe-bfb0-7fc9a971729b}">
		<property name="position">
			<value>14.454421768707483</value>
		</property>
		<property name="length">
			<value>0.94557823129251695</value>
		</property>
		<relationship name="timeline">
			<destination>{b4443beb-d77c-49c0-9857-f591606f461a}</destination>
		</relationship>
		<relationship name="markerTrack">
			<destination>{5925f203-5b3f-48a9-afff-324fc7cb5202}</destination>
		</relationship>
		<relationship name="destination">
			<destination>{f16dc29c-082b-469f-b5c7-236edf5bbb4d}</destination>
		</relationship>
		<relationship name="triggerConditions">
			<destination>{afa5ebf6-7e7c-42cf-bb12-cba296df1739}</destination>
		</relationship>
	</object>
	<object class="TransitionRegion" id="{14c8ef6c-a1ec-4884-b93c-cf941f005cf1}">
		<property name="position">
			<value>20.794512471655331</value>
		</property>
		<property name="length">
			<value>1.2054875283446691</value>
		</property>
		<relationship name="timeline">
			<destination>{b4443beb-d77c-49c0-9857-f591606f461a}</destination>
		</relationship>
		<relationship name="markerTrack">
			<destination>{91420250-f73c-46fe-aa4b-33982e54f1dd}</destination>
		</relationship>
		<relationship name="destination">
			<destination>{e8959bf2-af82-4fd7-85d4-59af62aa1658}</destination>
		</relationship>
		<relationship name="triggerConditions">
			<destination>{0ca7da25-ca7e-4a43-8503-a7d23c929e95}</destination>
		</relationship>
	</object>
	<object class="TransitionRegion" id="{a7b9cf94-3a62-4125-89c5-3b0daf58e2f9}">
		<property name="position">
			<value>20.794512471655331</value>
		</property>
		<property name="length">
			<value>1.2054875283446691</value>
		</property>
		<relationship name="timeline">
			<destination>{b4443beb-d77c-49c0-9857-f591606f461a}</destination>
		</relationship>
		<relationship name="markerTrack">
			<destination>{81309126-8d54-48f7-af29-32f05f2cc1db}</destination>
		</relationship>
		<relationship name="destination">
			<destination>{75d6170f-f0f9-4c1e-8379-ac742d1d492b}</destination>
		</relationship>
		<relationship name="triggerConditions">
			<destination>{3cc401bd-d594-4025-b825-d3a33290fc9e}</destination>
		</relationship>
	</object>
	<object class="TransitionRegion" id="{82537122-d817-496a-bce3-c8c397a14298}">
		<property name="position">
			<value>20.794512471655331</value>
		</property>
		<property name="length">
			<value>1.2054875283446691</value>
		</property>
		<relationship name="timeline">
			<destination>{b4443beb-d77c-49c0-9857-f591606f461a}</destination>
		</relationship>
		<relationship name="markerTrack">
			<destination>{5925f203-5b3f-48a9-afff-324fc7cb5202}</destination>
		</relationship>
		<relationship name="destination">
			<destination>{f16dc29c-082b-469f-b5c7-236edf5bbb4d}</destination>
		</relationship>
		<relationship name="triggerConditions">
			<destination>{ac0516f1-f6cd-4b0f-ae67-9cd265f8953c}</destination>
		</relationship>
	</object>
	<object class="TransitionRegion" id="{65966924-ef21-4877-becc-e6761e2832c7}">
		<property name="position">
			<value>27.981904047020304</value>
		</property>
		<property name="length">
			<value>1.0876361733504645</value>
		</property>
		<relationship name="timeline">
			<destination>{b4443beb-d77c-49c0-9857-f591606f461a}</destination>
		</relationship>
		<relationship name="markerTrack">
			<destination>{91420250-f73c-46fe-aa4b-33982e54f1dd}</destination>
		</relationship>
		<relationship name="destination">
			<destination>{e8959bf2-af82-4fd7-85d4-59af62aa1658}</destination>
		</relationship>
		<relationship name="triggerConditions">
			<destination>{5994b39a-37a4-4d03-aa90-ac9d548c70b1}</destination>
		</relationship>
	</object>
	<object class="TransitionRegion" id="{bfdc6146-dac5-417c-a14a-9a914637c1fc}">
		<property name="position">
			<value>27.981904047020304</value>
		</property>
		<property name="length">
			<value>1.0876361733504645</value>
		</property>
		<relationship name="timeline">
			<destination>{b4443beb-d77c-49c0-9857-f591606f461a}</destination>
		</relationship>
		<relationship name="markerTrack">
			<destination>{81309126-8d54-48f7-af29-32f05f2cc1db}</destination>
		</relationship>
		<relationship name="destination">
			<destination>{75d6170f-f0f9-4c1e-8379-ac742d1d492b}</destination>
		</relationship>
		<relationship name="triggerConditions">
			<destination>{58c9f81b-ba20-474e-a4db-a8fe0738157f}</destination>
		</relationship>
	</object>
	<object class="TransitionRegion" id="{861e1b19-20e6-4d00-9f51-c868d04aaa82}">
		<property name="position">
			<value>27.981904047020304</value>
		</property>
		<property name="length">
			<value>1.0876361733504645</value>
		</property>
		<relationship name="timeline">
			<destination>{b4443beb-d77c-49c0-9857-f591606f461a}</destination>
		</relationship>
		<relationship name="markerTrack">
			<destination>{5925f203-5b3f-48a9-afff-324fc7cb5202}</destination>
		</relationship>
		<relationship name="destination">
			<destination>{6db0a096-2848-41ec-a1e8-2620fb710bc7}</destination>
		</relationship>
		<relationship name="triggerConditions">
			<destination>{6089f52f-42e3-49ec-8ab3-1a317e66f1cc}</destination>
		</relationship>
	</object>
	<object class="MixerBusEffectChain" id="{ac847953-5d85-4bb6-8dbf-beb688b0440f}">
		<relationship name="effects">
			<destination>{4fa6cfb6-ad8c-462d-8cac-39123cc7c275}</destination>
		</relationship>
	</object>
	<object class="MixerBusPanner" id="{891a3b51-7e43-4e8f-b4e7-8bb517dd6fcd}">
		<property name="overridingOutputFormat">
			<value>1</value>
		</property>
		<property name="outputFormatOverridden">
			<value>true</value>
		</property>
	</object>
	<object class="MixerBusFader" id="{b7ba76da-eb1b-49df-a119-e7342f873416}" />
	<object class="FadeCurve" id="{9ed69db8-db94-480d-81d1-59ed37b67fec}">
		<relationship name="startPoint">
			<destination>{ccf35038-093e-404b-90df-2c3e7d2f03e7}</destination>
		</relationship>
		<relationship name="endPoint">
			<destination>{702106c2-d667-4e6d-8b98-b2396dd006f4}</destination>
		</relationship>
	</object>
	<object class="FadeCurve" id="{3dd5fcf4-7aaf-47d5-a6db-55ee3b9e80ab}">
		<relationship name="startPoint">
			<destination>{0a2d046e-ee4e-472a-a01f-14cc1eb121b1}</destination>
		</relationship>
		<relationship name="endPoint">
			<destination>{1c5192ee-7fb2-4f63-a6a0-407ab1abf10a}</destination>
		</relationship>
	</object>
	<object class="FadeCurve" id="{996deff5-43d7-42a7-8fc4-217b303cde4f}">
		<relationship name="startPoint">
			<destination>{1ff7c5c7-966a-4caa-914c-90f17f8ec0aa}</destination>
		</relationship>
		<relationship name="endPoint">
			<destination>{4e59a326-3195-4985-8ecb-d3889a126ec7}</destination>
		</relationship>
	</object>
	<object class="FadeCurve" id="{53bc6ce3-cd69-438e-9873-04ff82518646}">
		<relationship name="startPoint">
			<destination>{99273bf7-2c91-473c-8d8c-473063c260c8}</destination>
		</relationship>
		<relationship name="endPoint">
			<destination>{a55c106e-239d-4583-9054-b21b935b1a77}</destination>
		</relationship>
	</object>
	<object class="MixerBusEffectChain" id="{e5e17a72-a216-40cc-8f1b-481b8d664915}">
		<relationship name="effects">
			<destination>{0277ae48-49d4-4a4c-8f0f-5c31f80515d0}</destination>
			<destination>{c6cfcb85-9227-418c-be1b-137d730bbc4b}</destination>
		</relationship>
	</object>
	<object class="MixerBusPanner" id="{1888d723-4a2b-46f0-bbc9-e67de3ba1d3e}" />
	<object class="ParameterCondition" id="{12e22591-06f2-414e-829d-de04991538bf}">
		<property name="minimum">
			<value>0.0099999997764825821</value>
		</property>
		<property name="maximum">
			<value>1</value>
		</property>
		<relationship name="parameter">
			<destination>{cf125297-bc43-4cb1-832a-9c2b76a711de}</destination>
		</relationship>
	</object>
	<object class="ParameterCondition" id="{152112f0-36cd-4354-92be-fb66e4368680}">
		<property name="minimum">
			<value>1.0099999904632568</value>
		</property>
		<property name="maximum">
			<value>2</value>
		</property>
		<relationship name="parameter">
			<destination>{cf125297-bc43-4cb1-832a-9c2b76a711de}</destination>
		</relationship>
	</object>
	<object class="ParameterCondition" id="{84db0a54-2ef0-4ff0-80ef-e5a0cf08f7b2}">
		<property name="minimum">
			<value>2.0099999904632568</value>
		</property>
		<property name="maximum">
			<value>3</value>
		</property>
		<relationship name="parameter">
			<destination>{cf125297-bc43-4cb1-832a-9c2b76a711de}</destination>
		</relationship>
	</object>
	<object class="ParameterCondition" id="{7ed0399b-4525-45e8-9c74-811fa1882329}">
		<property name="minimum">
			<value>3.0099999904632568</value>
		</property>
		<property name="maximum">
			<value>4</value>
		</property>
		<relationship name="parameter">
			<destination>{cf125297-bc43-4cb1-832a-9c2b76a711de}</destination>
		</relationship>
	</object>
	<object class="ParameterCondition" id="{76511ae8-8a69-4a35-9c2b-9249b064dbb4}">
		<property name="minimum">
			<value>1.0099999904632568</value>
		</property>
		<property name="maximum">
			<value>2</value>
		</property>
		<relationship name="parameter">
			<destination>{cf125297-bc43-4cb1-832a-9c2b76a711de}</destination>
		</relationship>
	</object>
	<object class="ParameterCondition" id="{63dfab2b-f712-414b-91ba-6c2b7a34d28c}">
		<property name="minimum">
			<value>2.0099999904632568</value>
		</property>
		<property name="maximum">
			<value>3</value>
		</property>
		<relationship name="parameter">
			<destination>{cf125297-bc43-4cb1-832a-9c2b76a711de}</destination>
		</relationship>
	</object>
	<object class="ParameterCondition" id="{17fe8779-31f0-4e7e-a9c3-36bba2939dcb}">
		<property name="minimum">
			<value>3.0099999904632568</value>
		</property>
		<property name="maximum">
			<value>4</value>
		</property>
		<relationship name="parameter">
			<destination>{cf125297-bc43-4cb1-832a-9c2b76a711de}</destination>
		</relationship>
	</object>
	<object class="ParameterCondition" id="{59871afb-80d1-4572-b412-aa82f0eb44b9}">
		<property name="minimum">
			<value>0.0099999997764825821</value>
		</property>
		<property name="maximum">
			<value>1</value>
		</property>
		<relationship name="parameter">
			<destination>{cf125297-bc43-4cb1-832a-9c2b76a711de}</destination>
		</relationship>
	</object>
	<object class="ParameterCondition" id="{33b69b5f-ae09-4817-b431-f3ad714576e5}">
		<property name="minimum">
			<value>2.0099999904632568</value>
		</property>
		<property name="maximum">
			<value>3</value>
		</property>
		<relationship name="parameter">
			<destination>{cf125297-bc43-4cb1-832a-9c2b76a711de}</destination>
		</relationship>
	</object>
	<object class="ParameterCondition" id="{afa5ebf6-7e7c-42cf-bb12-cba296df1739}">
		<property name="minimum">
			<value>3.0099999904632568</value>
		</property>
		<property name="maximum">
			<value>4</value>
		</property>
		<relationship name="parameter">
			<destination>{cf125297-bc43-4cb1-832a-9c2b76a711de}</destination>
		</relationship>
	</object>
	<object class="ParameterCondition" id="{0ca7da25-ca7e-4a43-8503-a7d23c929e95}">
		<property name="minimum">
			<value>0.0099999997764825821</value>
		</property>
		<property name="maximum">
			<value>1</value>
		</property>
		<relationship name="parameter">
			<destination>{cf125297-bc43-4cb1-832a-9c2b76a711de}</destination>
		</relationship>
	</object>
	<object class="ParameterCondition" id="{3cc401bd-d594-4025-b825-d3a33290fc9e}">
		<property name="minimum">
			<value>1.0099999904632568</value>
		</property>
		<property name="maximum">
			<value>2</value>
		</property>
		<relationship name="parameter">
			<destination>{cf125297-bc43-4cb1-832a-9c2b76a711de}</destination>
		</relationship>
	</object>
	<object class="ParameterCondition" id="{ac0516f1-f6cd-4b0f-ae67-9cd265f8953c}">
		<property name="minimum">
			<value>3.0099999904632568</value>
		</property>
		<property name="maximum">
			<value>4</value>
		</property>
		<relationship name="parameter">
			<destination>{cf125297-bc43-4cb1-832a-9c2b76a711de}</destination>
		</relationship>
	</object>
	<object class="ParameterCondition" id="{5994b39a-37a4-4d03-aa90-ac9d548c70b1}">
		<property name="minimum">
			<value>0.0099999997764825821</value>
		</property>
		<property name="maximum">
			<value>1</value>
		</property>
		<relationship name="parameter">
			<destination>{cf125297-bc43-4cb1-832a-9c2b76a711de}</destination>
		</relationship>
	</object>
	<object class="ParameterCondition" id="{58c9f81b-ba20-474e-a4db-a8fe0738157f}">
		<property name="minimum">
			<value>1.0099999904632568</value>
		</property>
		<property name="maximum">
			<value>2</value>
		</property>
		<relationship name="parameter">
			<destination>{cf125297-bc43-4cb1-832a-9c2b76a711de}</destination>
		</relationship>
	</object>
	<object class="ParameterCondition" id="{6089f52f-42e3-49ec-8ab3-1a317e66f1cc}">
		<property name="minimum">
			<value>2.0099999904632568</value>
		</property>
		<property name="maximum">
			<value>3</value>
		</property>
		<relationship name="parameter">
			<destination>{cf125297-bc43-4cb1-832a-9c2b76a711de}</destination>
		</relationship>
	</object>
	<object class="MixerBusFader" id="{4fa6cfb6-ad8c-462d-8cac-39123cc7c275}" />
	<object class="AutomationPoint" id="{ccf35038-093e-404b-90df-2c3e7d2f03e7}">
		<property name="position">
			<value>8</value>
		</property>
		<property name="value">
			<value>1</value>
		</property>
		<property name="curveShape">
			<value>0.25471893</value>
		</property>
	</object>
	<object class="AutomationPoint" id="{702106c2-d667-4e6d-8b98-b2396dd006f4}">
		<property name="position">
			<value>8.2352154195011344</value>
		</property>
		<property name="value">
			<value>0</value>
		</property>
	</object>
	<object class="AutomationPoint" id="{0a2d046e-ee4e-472a-a01f-14cc1eb121b1}">
		<property name="position">
			<value>14</value>
		</property>
		<property name="value">
			<value>1</value>
		</property>
		<property name="curveShape">
			<value>0.25471893</value>
		</property>
	</object>
	<object class="AutomationPoint" id="{1c5192ee-7fb2-4f63-a6a0-407ab1abf10a}">
		<property name="position">
			<value>14.454421768707483</value>
		</property>
		<property name="value">
			<value>0</value>
		</property>
	</object>
	<object class="AutomationPoint" id="{1ff7c5c7-966a-4caa-914c-90f17f8ec0aa}">
		<property name="position">
			<value>20.5</value>
		</property>
		<property name="value">
			<value>1</value>
		</property>
		<property name="curveShape">
			<value>0.25471893</value>
		</property>
	</object>
	<object class="AutomationPoint" id="{4e59a326-3195-4985-8ecb-d3889a126ec7}">
		<property name="position">
			<value>20.794512471655331</value>
		</property>
		<property name="value">
			<value>0</value>
		</property>
	</object>
	<object class="AutomationPoint" id="{99273bf7-2c91-473c-8d8c-473063c260c8}">
		<property name="position">
			<value>27.5</value>
		</property>
		<property name="value">
			<value>1</value>
		</property>
		<property name="curveShape">
			<value>0.25471893</value>
		</property>
	</object>
	<object class="AutomationPoint" id="{a55c106e-239d-4583-9054-b21b935b1a77}">
		<property name="position">
			<value>27.912363826649539</value>
		</property>
		<property name="value">
			<value>0</value>
		</property>
	</object>
	<object class="MixerBusFader" id="{0277ae48-49d4-4a4c-8f0f-5c31f80515d0}" />
	<object class="SFXReverbEffect" id="{c6cfcb85-9227-418c-be1b-137d730bbc4b}">
		<property name="decayTime">
			<value>1400</value>
		</property>
		<property name="earlyDelay">
			<value>7</value>
		</property>
		<property name="lateDelay">
			<value>4.5</value>
		</property>
		<property name="HFDecayRatio">
			<value>80</value>
		</property>
		<property name="lowShelfGain">
			<value>12</value>
		</property>
	</object>
</objects>
