<?xml version="1.0" encoding="UTF-8"?>
<objects serializationModel="Studio.02.00.00">
	<object class="Event" id="{56ab0bdf-8d19-4238-8ce2-e8a2fa2bb3ff}">
		<property name="name">
			<value>Gameplay</value>
		</property>
		<property name="outputFormat">
			<value>1</value>
		</property>
		<relationship name="folder">
			<destination>{55ef88bc-a902-44e9-8fbb-b2a6687bcc8d}</destination>
		</relationship>
		<relationship name="mixer">
			<destination>{c0fe3d5b-9408-44bf-ac90-8240594ce3f0}</destination>
		</relationship>
		<relationship name="masterTrack">
			<destination>{f7a49463-a63e-4101-88b7-79cc6882a854}</destination>
		</relationship>
		<relationship name="mixerInput">
			<destination>{0d131bff-75cf-4c41-adfc-ed356cf2fbb8}</destination>
		</relationship>
		<relationship name="automatableProperties">
			<destination>{180604f2-6295-495c-95d7-14e56f0ad253}</destination>
		</relationship>
		<relationship name="markerTracks">
			<destination>{555feefd-9396-44a5-afd4-5d78cdc70732}</destination>
			<destination>{af3b53c5-e47e-4353-9e51-a0849569ca64}</destination>
			<destination>{6649d00d-feb6-4e84-affa-c8764ba2c5ae}</destination>
		</relationship>
		<relationship name="groupTracks">
			<destination>{aa2b7197-045e-4395-bc30-77a9c547e662}</destination>
			<destination>{50818680-fb34-4273-8831-39451fa8d32e}</destination>
			<destination>{02fc3b76-7b95-4bd4-8f14-cea65db5710c}</destination>
			<destination>{b791ee8d-84d1-421b-99f5-faf3256baf96}</destination>
		</relationship>
		<relationship name="timeline">
			<destination>{a8a0a215-4bfc-4f7d-86e4-edec2df7e6bf}</destination>
		</relationship>
		<relationship name="parameters">
			<destination>{4c7867d5-a4e2-437b-be31-7ea7411ffd44}</destination>
		</relationship>
		<relationship name="banks">
			<destination>{fc34b2e6-7e7d-444c-8dd0-13ad6733b8a1}</destination>
		</relationship>
	</object>
	<object class="EventMixer" id="{c0fe3d5b-9408-44bf-ac90-8240594ce3f0}">
		<relationship name="masterBus">
			<destination>{b97cd240-1ac9-4873-ada8-454984d7e757}</destination>
		</relationship>
	</object>
	<object class="MasterTrack" id="{f7a49463-a63e-4101-88b7-79cc6882a854}">
		<relationship name="mixerGroup">
			<destination>{b97cd240-1ac9-4873-ada8-454984d7e757}</destination>
		</relationship>
	</object>
	<object class="MixerInput" id="{0d131bff-75cf-4c41-adfc-ed356cf2fbb8}">
		<relationship name="effectChain">
			<destination>{a122ebd0-fda7-4ac3-8e42-e96c0f96f8ed}</destination>
		</relationship>
		<relationship name="panner">
			<destination>{063fba52-721f-4b8c-ac38-39d818786e93}</destination>
		</relationship>
		<relationship name="output">
			<destination>{1e83b236-5d32-432a-83e3-daa83971c82f}</destination>
		</relationship>
	</object>
	<object class="EventAutomatableProperties" id="{180604f2-6295-495c-95d7-14e56f0ad253}" />
	<object class="MarkerTrack" id="{555feefd-9396-44a5-afd4-5d78cdc70732}" />
	<object class="MarkerTrack" id="{af3b53c5-e47e-4353-9e51-a0849569ca64}" />
	<object class="MarkerTrack" id="{6649d00d-feb6-4e84-affa-c8764ba2c5ae}" />
	<object class="GroupTrack" id="{aa2b7197-045e-4395-bc30-77a9c547e662}">
		<relationship name="modules">
			<destination>{ef3d8c50-2540-4a54-b16e-9fc36b236055}</destination>
		</relationship>
		<relationship name="mixerGroup">
			<destination>{89f67dca-380a-4cbb-b4a2-7df6db97d89e}</destination>
		</relationship>
	</object>
	<object class="GroupTrack" id="{50818680-fb34-4273-8831-39451fa8d32e}">
		<relationship name="modules">
			<destination>{39a4892c-47ef-4ab9-a156-6f19eddc5ad0}</destination>
			<destination>{d6f2fb93-e6d0-4c07-800a-fbe9569b86cd}</destination>
			<destination>{78a922e8-8f97-4eee-ac64-8c3860955ef6}</destination>
		</relationship>
		<relationship name="mixerGroup">
			<destination>{284c07a3-b887-4a77-bbfb-8dab929be729}</destination>
		</relationship>
	</object>
	<object class="GroupTrack" id="{02fc3b76-7b95-4bd4-8f14-cea65db5710c}">
		<relationship name="modules">
			<destination>{6ea0ccaa-db29-496d-a40b-497dcea66152}</destination>
			<destination>{95fc1001-99a7-4b3e-80c8-a606ca8843c9}</destination>
		</relationship>
		<relationship name="mixerGroup">
			<destination>{2ed5ea23-1945-4b99-b404-031656191294}</destination>
		</relationship>
	</object>
	<object class="GroupTrack" id="{b791ee8d-84d1-421b-99f5-faf3256baf96}">
		<relationship name="automationTracks">
			<destination>{c18899e8-7d2b-4758-ac16-8d9c7b1739fd}</destination>
		</relationship>
		<relationship name="modules">
			<destination>{11ffe780-8c80-419f-af88-23c40f11b77a}</destination>
			<destination>{67673ecf-6335-4c1d-b734-c2e92b5c5b27}</destination>
			<destination>{6706172b-485b-443a-bb6d-5ef96c24d068}</destination>
		</relationship>
		<relationship name="mixerGroup">
			<destination>{f8d82c51-a023-4da6-a501-5d0ced90186a}</destination>
		</relationship>
	</object>
	<object class="Timeline" id="{a8a0a215-4bfc-4f7d-86e4-edec2df7e6bf}">
		<relationship name="modules">
			<destination>{39a4892c-47ef-4ab9-a156-6f19eddc5ad0}</destination>
			<destination>{d6f2fb93-e6d0-4c07-800a-fbe9569b86cd}</destination>
			<destination>{6ea0ccaa-db29-496d-a40b-497dcea66152}</destination>
			<destination>{95fc1001-99a7-4b3e-80c8-a606ca8843c9}</destination>
			<destination>{78a922e8-8f97-4eee-ac64-8c3860955ef6}</destination>
			<destination>{ef3d8c50-2540-4a54-b16e-9fc36b236055}</destination>
			<destination>{11ffe780-8c80-419f-af88-23c40f11b77a}</destination>
			<destination>{67673ecf-6335-4c1d-b734-c2e92b5c5b27}</destination>
			<destination>{6706172b-485b-443a-bb6d-5ef96c24d068}</destination>
		</relationship>
		<relationship name="markers">
			<destination>{b8a9e5ea-f5ca-4a88-ab1f-7e08f06a7da2}</destination>
			<destination>{938f0fbb-164e-46ae-bd03-ed006f30d60d}</destination>
		</relationship>
	</object>
	<object class="ParameterProxy" id="{4c7867d5-a4e2-437b-be31-7ea7411ffd44}">
		<relationship name="preset">
			<destination>{de0a803e-b1cb-4326-b979-46aa923a1b63}</destination>
		</relationship>
	</object>
	<object class="EventMixerMaster" id="{b97cd240-1ac9-4873-ada8-454984d7e757}">
		<relationship name="effectChain">
			<destination>{fd41c226-40d4-4e00-8b88-f8a54908d8e1}</destination>
		</relationship>
		<relationship name="panner">
			<destination>{9b769115-26ff-448f-9350-ffd8c1360a54}</destination>
		</relationship>
		<relationship name="mixer">
			<destination>{c0fe3d5b-9408-44bf-ac90-8240594ce3f0}</destination>
		</relationship>
	</object>
	<object class="MixerBusEffectChain" id="{a122ebd0-fda7-4ac3-8e42-e96c0f96f8ed}">
		<relationship name="effects">
			<destination>{6da052f0-33b5-41c5-b003-8ccd46aeb7b0}</destination>
		</relationship>
	</object>
	<object class="MixerBusPanner" id="{063fba52-721f-4b8c-ac38-39d818786e93}" />
	<object class="SingleSound" id="{ef3d8c50-2540-4a54-b16e-9fc36b236055}">
		<property name="length">
			<value>57.600000000000001</value>
		</property>
		<relationship name="audioFile">
			<destination>{464eabe6-0b68-486c-a4b7-964eff122ff2}</destination>
		</relationship>
	</object>
	<object class="EventMixerGroup" id="{89f67dca-380a-4cbb-b4a2-7df6db97d89e}">
		<property name="volume">
			<value>-3</value>
		</property>
		<property name="name">
			<value>Audio 1</value>
		</property>
		<relationship name="effectChain">
			<destination>{1737371c-89f8-4f4f-b16a-0b131035a119}</destination>
		</relationship>
		<relationship name="panner">
			<destination>{4f2a9f1e-87cc-4a02-8cd1-ee5d6cb3cbf2}</destination>
		</relationship>
		<relationship name="output">
			<destination>{b97cd240-1ac9-4873-ada8-454984d7e757}</destination>
		</relationship>
	</object>
	<object class="SingleSound" id="{39a4892c-47ef-4ab9-a156-6f19eddc5ad0}">
		<property name="start">
			<value>4.7999999999999998</value>
		</property>
		<property name="length">
			<value>4.7999999999999998</value>
		</property>
		<relationship name="audioFile">
			<destination>{4140ba95-992b-4801-88f3-f7534e976c06}</destination>
		</relationship>
	</object>
	<object class="SingleSound" id="{d6f2fb93-e6d0-4c07-800a-fbe9569b86cd}">
		<property name="isAsync">
			<value>true</value>
		</property>
		<property name="start">
			<value>10.723381132075472</value>
		</property>
		<property name="length">
			<value>6.5999999999999996</value>
		</property>
		<relationship name="audioFile">
			<destination>{d1628eaa-1333-4d77-b346-bf650a8a0d2e}</destination>
		</relationship>
	</object>
	<object class="SingleSound" id="{78a922e8-8f97-4eee-ac64-8c3860955ef6}">
		<property name="isAsync">
			<value>true</value>
		</property>
		<property name="start">
			<value>27.599999999999998</value>
		</property>
		<property name="length">
			<value>6.5999999999999996</value>
		</property>
		<relationship name="audioFile">
			<destination>{d1628eaa-1333-4d77-b346-bf650a8a0d2e}</destination>
		</relationship>
	</object>
	<object class="EventMixerGroup" id="{284c07a3-b887-4a77-bbfb-8dab929be729}">
		<property name="volume">
			<value>-2.5</value>
		</property>
		<property name="name">
			<value>Audio 2</value>
		</property>
		<relationship name="effectChain">
			<destination>{ff2edabd-f419-4dd3-abb8-ea9d97e7bbf5}</destination>
		</relationship>
		<relationship name="panner">
			<destination>{de5db283-416f-40f5-b1bd-8f6b90d97897}</destination>
		</relationship>
		<relationship name="output">
			<destination>{b97cd240-1ac9-4873-ada8-454984d7e757}</destination>
		</relationship>
	</object>
	<object class="SingleSound" id="{6ea0ccaa-db29-496d-a40b-497dcea66152}">
		<property name="start">
			<value>12</value>
		</property>
		<property name="length">
			<value>9.5999999999999996</value>
		</property>
		<relationship name="audioFile">
			<destination>{9277fbed-1e77-4529-b3be-3cc6a78d3920}</destination>
		</relationship>
	</object>
	<object class="SingleSound" id="{95fc1001-99a7-4b3e-80c8-a606ca8843c9}">
		<property name="start">
			<value>28.799999999999997</value>
		</property>
		<property name="length">
			<value>10.800000000000001</value>
		</property>
		<relationship name="audioFile">
			<destination>{d047f8fd-14c6-4a90-93cf-d7d1a0223e1a}</destination>
		</relationship>
	</object>
	<object class="EventMixerGroup" id="{2ed5ea23-1945-4b99-b404-031656191294}">
		<property name="volume">
			<value>-5</value>
		</property>
		<property name="name">
			<value>Audio 3</value>
		</property>
		<relationship name="effectChain">
			<destination>{c7bc5333-a361-4dfa-a6a7-1c42c2ecb5be}</destination>
		</relationship>
		<relationship name="panner">
			<destination>{46330b9a-62e0-450e-9e8e-c33c2b744ad8}</destination>
		</relationship>
		<relationship name="output">
			<destination>{b97cd240-1ac9-4873-ada8-454984d7e757}</destination>
		</relationship>
	</object>
	<object class="AutomationTrack" id="{c18899e8-7d2b-4758-ac16-8d9c7b1739fd}">
		<relationship name="automator">
			<destination>{f0240081-bf19-479e-9188-007f29d6e226}</destination>
		</relationship>
	</object>
	<object class="SingleSound" id="{11ffe780-8c80-419f-af88-23c40f11b77a}">
		<property name="start">
			<value>38.399999999999999</value>
		</property>
		<property name="length">
			<value>19.199999999999999</value>
		</property>
		<relationship name="audioFile">
			<destination>{8d9c7f7d-4358-4905-98d2-766b0ec6f764}</destination>
		</relationship>
	</object>
	<object class="SingleSound" id="{67673ecf-6335-4c1d-b734-c2e92b5c5b27}">
		<property name="length">
			<value>19.199999999999999</value>
		</property>
		<relationship name="audioFile">
			<destination>{8d9c7f7d-4358-4905-98d2-766b0ec6f764}</destination>
		</relationship>
	</object>
	<object class="SingleSound" id="{6706172b-485b-443a-bb6d-5ef96c24d068}">
		<property name="start">
			<value>19.199999999999999</value>
		</property>
		<property name="length">
			<value>19.199999999999999</value>
		</property>
		<relationship name="audioFile">
			<destination>{8d9c7f7d-4358-4905-98d2-766b0ec6f764}</destination>
		</relationship>
	</object>
	<object class="EventMixerGroup" id="{f8d82c51-a023-4da6-a501-5d0ced90186a}">
		<property name="name">
			<value>Audio 4</value>
		</property>
		<relationship name="automators">
			<destination>{f0240081-bf19-479e-9188-007f29d6e226}</destination>
		</relationship>
		<relationship name="effectChain">
			<destination>{ff52c3c4-2496-4832-8891-455c4a8678d0}</destination>
		</relationship>
		<relationship name="panner">
			<destination>{d48a811f-4052-448a-81bb-b0a6600b3380}</destination>
		</relationship>
		<relationship name="output">
			<destination>{b97cd240-1ac9-4873-ada8-454984d7e757}</destination>
		</relationship>
	</object>
	<object class="TempoMarker" id="{b8a9e5ea-f5ca-4a88-ab1f-7e08f06a7da2}">
		<property name="position">
			<value>0</value>
		</property>
		<property name="tempo">
			<value>100</value>
		</property>
		<relationship name="timeline">
			<destination>{a8a0a215-4bfc-4f7d-86e4-edec2df7e6bf}</destination>
		</relationship>
		<relationship name="markerTrack">
			<destination>{555feefd-9396-44a5-afd4-5d78cdc70732}</destination>
		</relationship>
	</object>
	<object class="LoopRegion" id="{938f0fbb-164e-46ae-bd03-ed006f30d60d}">
		<property name="position">
			<value>48</value>
		</property>
		<property name="length">
			<value>9.6000000000000014</value>
		</property>
		<relationship name="timeline">
			<destination>{a8a0a215-4bfc-4f7d-86e4-edec2df7e6bf}</destination>
		</relationship>
		<relationship name="markerTrack">
			<destination>{6649d00d-feb6-4e84-affa-c8764ba2c5ae}</destination>
		</relationship>
	</object>
	<object class="MixerBusEffectChain" id="{fd41c226-40d4-4e00-8b88-f8a54908d8e1}">
		<relationship name="effects">
			<destination>{8fe19c00-da31-4a98-a492-de844f63a8b1}</destination>
		</relationship>
	</object>
	<object class="MixerBusPanner" id="{9b769115-26ff-448f-9350-ffd8c1360a54}" />
	<object class="MixerBusFader" id="{6da052f0-33b5-41c5-b003-8ccd46aeb7b0}" />
	<object class="MixerBusEffectChain" id="{1737371c-89f8-4f4f-b16a-0b131035a119}">
		<relationship name="effects">
			<destination>{8ca7fec3-ba74-407a-b1d3-33112c821e2e}</destination>
		</relationship>
	</object>
	<object class="MixerBusPanner" id="{4f2a9f1e-87cc-4a02-8cd1-ee5d6cb3cbf2}" />
	<object class="MixerBusEffectChain" id="{ff2edabd-f419-4dd3-abb8-ea9d97e7bbf5}">
		<relationship name="effects">
			<destination>{ec0bb0d2-cb34-4b76-8582-a18c72ff1d7a}</destination>
		</relationship>
	</object>
	<object class="MixerBusPanner" id="{de5db283-416f-40f5-b1bd-8f6b90d97897}" />
	<object class="MixerBusEffectChain" id="{c7bc5333-a361-4dfa-a6a7-1c42c2ecb5be}">
		<relationship name="effects">
			<destination>{a12bb969-f820-4db5-bbdb-2132284e8202}</destination>
		</relationship>
	</object>
	<object class="MixerBusPanner" id="{46330b9a-62e0-450e-9e8e-c33c2b744ad8}" />
	<object class="Automator" id="{f0240081-bf19-479e-9188-007f29d6e226}">
		<property name="nameOfPropertyBeingAutomated">
			<value>volume</value>
		</property>
		<relationship name="automationCurves">
			<destination>{44542783-eeb2-4270-8923-ee98683eae0a}</destination>
		</relationship>
	</object>
	<object class="MixerBusEffectChain" id="{ff52c3c4-2496-4832-8891-455c4a8678d0}">
		<relationship name="effects">
			<destination>{801c9a7f-e0dd-4106-87d8-106dd0d29d99}</destination>
		</relationship>
	</object>
	<object class="MixerBusPanner" id="{d48a811f-4052-448a-81bb-b0a6600b3380}" />
	<object class="MixerBusFader" id="{8fe19c00-da31-4a98-a492-de844f63a8b1}" />
	<object class="MixerBusFader" id="{8ca7fec3-ba74-407a-b1d3-33112c821e2e}" />
	<object class="MixerBusFader" id="{ec0bb0d2-cb34-4b76-8582-a18c72ff1d7a}" />
	<object class="MixerBusFader" id="{a12bb969-f820-4db5-bbdb-2132284e8202}" />
	<object class="AutomationCurve" id="{44542783-eeb2-4270-8923-ee98683eae0a}">
		<relationship name="parameter">
			<destination>{de0a803e-b1cb-4326-b979-46aa923a1b63}</destination>
		</relationship>
		<relationship name="automationPoints">
			<destination>{6130f934-281d-4ad6-8a99-8c2c88ec0f7e}</destination>
			<destination>{85bab62e-627b-476d-badd-1d1d9255ee40}</destination>
			<destination>{3ad30a12-8968-4537-85f0-a15804ecf2c5}</destination>
		</relationship>
	</object>
	<object class="MixerBusFader" id="{801c9a7f-e0dd-4106-87d8-106dd0d29d99}" />
	<object class="AutomationPoint" id="{6130f934-281d-4ad6-8a99-8c2c88ec0f7e}">
		<property name="position">
			<value>0</value>
		</property>
		<property name="value">
			<value>-80</value>
		</property>
		<property name="curveShape">
			<value>-0.212401912</value>
		</property>
	</object>
	<object class="AutomationPoint" id="{85bab62e-627b-476d-badd-1d1d9255ee40}">
		<property name="position">
			<value>1</value>
		</property>
		<property name="value">
			<value>-6</value>
		</property>
	</object>
	<object class="AutomationPoint" id="{3ad30a12-8968-4537-85f0-a15804ecf2c5}">
		<property name="position">
			<value>0.50574712643678155</value>
		</property>
		<property name="value">
			<value>-10</value>
		</property>
	</object>
</objects>
