<?xml version="1.0" encoding="UTF-8"?>
<objects serializationModel="Studio.02.00.00">
	<object class="Event" id="{66ea57dc-01eb-4ba4-82e9-b2c2bf015da1}">
		<property name="name">
			<value>Weapon_Attack_Manager</value>
		</property>
		<property name="outputFormat">
			<value>2</value>
		</property>
		<relationship name="folder">
			<destination>{f49e290b-63d1-4fb6-be08-3139d2f91117}</destination>
		</relationship>
		<relationship name="mixer">
			<destination>{62823b55-4cfa-4621-9d70-e2d61b67a515}</destination>
		</relationship>
		<relationship name="masterTrack">
			<destination>{b3488333-d42d-48cd-8491-5fbb6b00e6cd}</destination>
		</relationship>
		<relationship name="mixerInput">
			<destination>{7b311131-5ece-4289-9141-04490daa2d47}</destination>
		</relationship>
		<relationship name="automatableProperties">
			<destination>{a8cf8eca-c1f3-4f9e-a44c-348449280a39}</destination>
		</relationship>
		<relationship name="markerTracks">
			<destination>{782d06bf-3fb8-4ade-81af-84f4fa89364b}</destination>
		</relationship>
		<relationship name="groupTracks">
			<destination>{c8088c77-7523-4f4e-8df3-258dcfe3e0d6}</destination>
		</relationship>
		<relationship name="timeline">
			<destination>{e4a6e4d1-9b79-4bed-afb5-0a49afd862d5}</destination>
		</relationship>
		<relationship name="parameters">
			<destination>{67ed32a8-1ef1-4ce7-8d56-df59cf8f1e3f}</destination>
		</relationship>
		<relationship name="banks">
			<destination>{fc34b2e6-7e7d-444c-8dd0-13ad6733b8a1}</destination>
		</relationship>
	</object>
	<object class="EventMixer" id="{62823b55-4cfa-4621-9d70-e2d61b67a515}">
		<relationship name="masterBus">
			<destination>{9e57aa91-9a94-4dd4-9078-30334f8d70a2}</destination>
		</relationship>
	</object>
	<object class="MasterTrack" id="{b3488333-d42d-48cd-8491-5fbb6b00e6cd}">
		<relationship name="mixerGroup">
			<destination>{9e57aa91-9a94-4dd4-9078-30334f8d70a2}</destination>
		</relationship>
	</object>
	<object class="MixerInput" id="{7b311131-5ece-4289-9141-04490daa2d47}">
		<relationship name="effectChain">
			<destination>{95d1362e-cfbf-44b3-891a-69855081c34f}</destination>
		</relationship>
		<relationship name="panner">
			<destination>{d2497325-e5b8-41ca-a6c1-095b4c1f86bf}</destination>
		</relationship>
		<relationship name="output">
			<destination>{04c8c892-4b21-427f-ba4d-60cfffb4a6ee}</destination>
		</relationship>
	</object>
	<object class="EventAutomatableProperties" id="{a8cf8eca-c1f3-4f9e-a44c-348449280a39}" />
	<object class="MarkerTrack" id="{782d06bf-3fb8-4ade-81af-84f4fa89364b}" />
	<object class="GroupTrack" id="{c8088c77-7523-4f4e-8df3-258dcfe3e0d6}">
		<relationship name="modules">
			<destination>{a27004ec-42ea-4916-ba5f-0042059146b2}</destination>
			<destination>{9f1175a2-044e-479f-86ec-caf91d6c3c21}</destination>
			<destination>{52e95f5b-262a-4c01-abb1-ab6ced97a9fc}</destination>
		</relationship>
		<relationship name="mixerGroup">
			<destination>{96032238-e3cc-47a7-934f-57f4a95d137d}</destination>
		</relationship>
	</object>
	<object class="Timeline" id="{e4a6e4d1-9b79-4bed-afb5-0a49afd862d5}">
		<relationship name="markers">
			<destination>{0f2889ff-ea06-4893-b8ba-2f4ffeb6f24d}</destination>
		</relationship>
	</object>
	<object class="ParameterProxy" id="{67ed32a8-1ef1-4ce7-8d56-df59cf8f1e3f}">
		<relationship name="modules">
			<destination>{a27004ec-42ea-4916-ba5f-0042059146b2}</destination>
			<destination>{9f1175a2-044e-479f-86ec-caf91d6c3c21}</destination>
			<destination>{52e95f5b-262a-4c01-abb1-ab6ced97a9fc}</destination>
		</relationship>
		<relationship name="preset">
			<destination>{29475007-4f99-40fb-8c6a-633c11264c7d}</destination>
		</relationship>
	</object>
	<object class="EventMixerMaster" id="{9e57aa91-9a94-4dd4-9078-30334f8d70a2}">
		<relationship name="effectChain">
			<destination>{54a152b2-573d-4e51-ba59-be5ab1f0e5b4}</destination>
		</relationship>
		<relationship name="panner">
			<destination>{feabf370-9472-4027-abb3-d94e8cef37a8}</destination>
		</relationship>
		<relationship name="mixer">
			<destination>{62823b55-4cfa-4621-9d70-e2d61b67a515}</destination>
		</relationship>
	</object>
	<object class="MixerBusEffectChain" id="{95d1362e-cfbf-44b3-891a-69855081c34f}">
		<relationship name="effects">
			<destination>{2b74726f-6c43-4f59-9460-abc7cce1b58e}</destination>
		</relationship>
	</object>
	<object class="MixerBusPanner" id="{d2497325-e5b8-41ca-a6c1-095b4c1f86bf}" />
	<object class="EventSound" id="{a27004ec-42ea-4916-ba5f-0042059146b2}">
		<property name="length">
			<value>0.40000000000000002</value>
		</property>
		<relationship name="event">
			<destination>{e7a62b3f-f76d-4a44-a785-8c17af3870ca}</destination>
		</relationship>
	</object>
	<object class="EventSound" id="{9f1175a2-044e-479f-86ec-caf91d6c3c21}">
		<property name="start">
			<value>0.80000000000000004</value>
		</property>
		<property name="length">
			<value>0.40000000000000013</value>
		</property>
		<relationship name="event">
			<destination>{15da578e-68a4-4768-9ffd-2c4007560807}</destination>
		</relationship>
	</object>
	<object class="EventSound" id="{52e95f5b-262a-4c01-abb1-ab6ced97a9fc}">
		<property name="start">
			<value>1.8</value>
		</property>
		<property name="length">
			<value>0.40000000000000036</value>
		</property>
		<relationship name="event">
			<destination>{74c20389-9fae-41f3-8971-d0d75e81173c}</destination>
		</relationship>
	</object>
	<object class="EventMixerGroup" id="{96032238-e3cc-47a7-934f-57f4a95d137d}">
		<property name="name">
			<value>Audio 1</value>
		</property>
		<relationship name="effectChain">
			<destination>{018720e2-2c5f-49e0-ab19-82fe9ef2efbe}</destination>
		</relationship>
		<relationship name="panner">
			<destination>{cd4d21f4-f714-4f27-afef-dffa25293e6e}</destination>
		</relationship>
		<relationship name="output">
			<destination>{9e57aa91-9a94-4dd4-9078-30334f8d70a2}</destination>
		</relationship>
	</object>
	<object class="SustainPoint" id="{0f2889ff-ea06-4893-b8ba-2f4ffeb6f24d}">
		<property name="position">
			<value>0</value>
		</property>
		<relationship name="timeline">
			<destination>{e4a6e4d1-9b79-4bed-afb5-0a49afd862d5}</destination>
		</relationship>
		<relationship name="markerTrack">
			<destination>{782d06bf-3fb8-4ade-81af-84f4fa89364b}</destination>
		</relationship>
	</object>
	<object class="MixerBusEffectChain" id="{54a152b2-573d-4e51-ba59-be5ab1f0e5b4}">
		<relationship name="effects">
			<destination>{9ccda2a9-9410-4fdc-a1ed-f4ae8e9b7d48}</destination>
			<destination>{5b6302c9-62b2-4b88-80d9-07be7d40b456}</destination>
		</relationship>
	</object>
	<object class="MixerBusPanner" id="{feabf370-9472-4027-abb3-d94e8cef37a8}" />
	<object class="MixerBusFader" id="{2b74726f-6c43-4f59-9460-abc7cce1b58e}" />
	<object class="MixerBusEffectChain" id="{018720e2-2c5f-49e0-ab19-82fe9ef2efbe}">
		<relationship name="effects">
			<destination>{3b6dc7c5-fbda-400b-b68a-8eaa89dcc468}</destination>
		</relationship>
	</object>
	<object class="MixerBusPanner" id="{cd4d21f4-f714-4f27-afef-dffa25293e6e}" />
	<object class="MixerBusFader" id="{9ccda2a9-9410-4fdc-a1ed-f4ae8e9b7d48}" />
	<object class="SpatialiserEffect" id="{5b6302c9-62b2-4b88-80d9-07be7d40b456}">
		<property name="maximumDistance">
			<value>100</value>
		</property>
	</object>
	<object class="MixerBusFader" id="{3b6dc7c5-fbda-400b-b68a-8eaa89dcc468}" />
</objects>
