<?xml version="1.0" encoding="UTF-8"?>
<objects serializationModel="Studio.02.00.00">
	<object class="Event" id="{c8eed96e-293f-4516-8e84-5077525861af}">
		<property name="name">
			<value>Weapon_Throw_Male_Manager</value>
		</property>
		<property name="outputFormat">
			<value>2</value>
		</property>
		<relationship name="folder">
			<destination>{f49e290b-63d1-4fb6-be08-3139d2f91117}</destination>
		</relationship>
		<relationship name="mixer">
			<destination>{8b6f8b76-9e17-4bb8-8111-4a479d924164}</destination>
		</relationship>
		<relationship name="masterTrack">
			<destination>{23cc6655-c7bf-4ef2-8bf0-33931cefb106}</destination>
		</relationship>
		<relationship name="mixerInput">
			<destination>{9b7094f8-90ed-4a75-a699-2fa4c9fa7c68}</destination>
		</relationship>
		<relationship name="automatableProperties">
			<destination>{e68e1d28-ed96-447e-895e-011b1f9e7a85}</destination>
		</relationship>
		<relationship name="markerTracks">
			<destination>{09fa5d20-3c99-4d25-be24-4584e21d7b80}</destination>
		</relationship>
		<relationship name="groupTracks">
			<destination>{ce9222e4-2e09-434f-bcf3-0d20b1955321}</destination>
		</relationship>
		<relationship name="timeline">
			<destination>{11e7789d-c0e1-4f28-b84c-f86f7c7c5c6d}</destination>
		</relationship>
		<relationship name="parameters">
			<destination>{ecdfd599-fc00-442a-ac83-732224a36e6f}</destination>
		</relationship>
		<relationship name="banks">
			<destination>{fc34b2e6-7e7d-444c-8dd0-13ad6733b8a1}</destination>
		</relationship>
	</object>
	<object class="EventMixer" id="{8b6f8b76-9e17-4bb8-8111-4a479d924164}">
		<relationship name="masterBus">
			<destination>{df85e54d-0ba8-421d-aaf8-d380e97dc8bc}</destination>
		</relationship>
	</object>
	<object class="MasterTrack" id="{23cc6655-c7bf-4ef2-8bf0-33931cefb106}">
		<relationship name="mixerGroup">
			<destination>{df85e54d-0ba8-421d-aaf8-d380e97dc8bc}</destination>
		</relationship>
	</object>
	<object class="MixerInput" id="{9b7094f8-90ed-4a75-a699-2fa4c9fa7c68}">
		<relationship name="effectChain">
			<destination>{dbde1b37-baed-405d-9327-f8a3c02be350}</destination>
		</relationship>
		<relationship name="panner">
			<destination>{f34545e1-df3e-4aac-9599-e52051290bda}</destination>
		</relationship>
		<relationship name="output">
			<destination>{04c8c892-4b21-427f-ba4d-60cfffb4a6ee}</destination>
		</relationship>
	</object>
	<object class="EventAutomatableProperties" id="{e68e1d28-ed96-447e-895e-011b1f9e7a85}" />
	<object class="MarkerTrack" id="{09fa5d20-3c99-4d25-be24-4584e21d7b80}" />
	<object class="GroupTrack" id="{ce9222e4-2e09-434f-bcf3-0d20b1955321}">
		<relationship name="modules">
			<destination>{e874d51a-8008-4c8d-84d4-822c8ccd985f}</destination>
			<destination>{88ad8909-4508-494f-9982-d612081db068}</destination>
			<destination>{5ea782ba-8d4b-4c23-a867-4a3db195a2c0}</destination>
		</relationship>
		<relationship name="mixerGroup">
			<destination>{26cf8b63-f4f5-498f-ac41-1e44fa5f998e}</destination>
		</relationship>
	</object>
	<object class="Timeline" id="{11e7789d-c0e1-4f28-b84c-f86f7c7c5c6d}">
		<relationship name="markers">
			<destination>{b3eee581-d7de-494c-a5a4-a55307821db2}</destination>
		</relationship>
	</object>
	<object class="ParameterProxy" id="{ecdfd599-fc00-442a-ac83-732224a36e6f}">
		<relationship name="modules">
			<destination>{e874d51a-8008-4c8d-84d4-822c8ccd985f}</destination>
			<destination>{88ad8909-4508-494f-9982-d612081db068}</destination>
			<destination>{5ea782ba-8d4b-4c23-a867-4a3db195a2c0}</destination>
		</relationship>
		<relationship name="preset">
			<destination>{8949853f-0dba-49bd-b6ab-cdf343b3c8ea}</destination>
		</relationship>
	</object>
	<object class="EventMixerMaster" id="{df85e54d-0ba8-421d-aaf8-d380e97dc8bc}">
		<relationship name="effectChain">
			<destination>{4960e10f-ec6a-4a2e-b8dd-c1d45cc05d99}</destination>
		</relationship>
		<relationship name="panner">
			<destination>{e920e17b-b5e5-49e5-87a4-8995468046e7}</destination>
		</relationship>
		<relationship name="mixer">
			<destination>{8b6f8b76-9e17-4bb8-8111-4a479d924164}</destination>
		</relationship>
	</object>
	<object class="MixerBusEffectChain" id="{dbde1b37-baed-405d-9327-f8a3c02be350}">
		<relationship name="effects">
			<destination>{9b73ee06-a04c-42df-bfb3-7e0b35b87ca7}</destination>
		</relationship>
	</object>
	<object class="MixerBusPanner" id="{f34545e1-df3e-4aac-9599-e52051290bda}" />
	<object class="EventSound" id="{e874d51a-8008-4c8d-84d4-822c8ccd985f}">
		<property name="start">
			<value>0.97999999999999998</value>
		</property>
		<property name="length">
			<value>0.05999999999999997</value>
		</property>
		<relationship name="parameters">
			<destination>{de7d6151-3ba7-4aad-921f-1c2301d54a2b}</destination>
		</relationship>
		<relationship name="event">
			<destination>{12d01d30-c0c0-41e4-917b-876b0ce59ae7}</destination>
		</relationship>
	</object>
	<object class="EventSound" id="{88ad8909-4508-494f-9982-d612081db068}">
		<property name="length">
			<value>0.060000000000000026</value>
		</property>
		<relationship name="event">
			<destination>{7531aaac-b8bf-4931-b1b7-b40a1a06ac8f}</destination>
		</relationship>
	</object>
	<object class="EventSound" id="{5ea782ba-8d4b-4c23-a867-4a3db195a2c0}">
		<property name="start">
			<value>1.9399999999999999</value>
		</property>
		<property name="length">
			<value>0.05999999999999997</value>
		</property>
		<relationship name="event">
			<destination>{9a5c24c8-8e41-422e-a3ad-5bc837fd5fa3}</destination>
		</relationship>
	</object>
	<object class="EventMixerGroup" id="{26cf8b63-f4f5-498f-ac41-1e44fa5f998e}">
		<property name="volume">
			<value>10</value>
		</property>
		<property name="name">
			<value>Audio 1</value>
		</property>
		<relationship name="effectChain">
			<destination>{931cb0d1-4c5e-4bf6-9cb6-42b7cccfc249}</destination>
		</relationship>
		<relationship name="panner">
			<destination>{84a3dfd3-c9f4-4caf-b8b2-a8a8e44ec1d3}</destination>
		</relationship>
		<relationship name="output">
			<destination>{df85e54d-0ba8-421d-aaf8-d380e97dc8bc}</destination>
		</relationship>
	</object>
	<object class="SustainPoint" id="{b3eee581-d7de-494c-a5a4-a55307821db2}">
		<property name="position">
			<value>0.14000000000000001</value>
		</property>
		<relationship name="timeline">
			<destination>{11e7789d-c0e1-4f28-b84c-f86f7c7c5c6d}</destination>
		</relationship>
		<relationship name="markerTrack">
			<destination>{09fa5d20-3c99-4d25-be24-4584e21d7b80}</destination>
		</relationship>
	</object>
	<object class="MixerBusEffectChain" id="{4960e10f-ec6a-4a2e-b8dd-c1d45cc05d99}">
		<relationship name="effects">
			<destination>{828cd0e0-0a9f-4008-a0a7-8217f2410a73}</destination>
			<destination>{1a2de82f-3d74-43d6-be35-5c6446a2dffe}</destination>
		</relationship>
	</object>
	<object class="MixerBusPanner" id="{e920e17b-b5e5-49e5-87a4-8995468046e7}" />
	<object class="MixerBusFader" id="{9b73ee06-a04c-42df-bfb3-7e0b35b87ca7}" />
	<object class="ParameterProperty" id="{de7d6151-3ba7-4aad-921f-1c2301d54a2b}">
		<relationship name="parameter">
			<destination>{53c8fa28-fea9-4772-a60d-25e9765cec49}</destination>
		</relationship>
	</object>
	<object class="MixerBusEffectChain" id="{931cb0d1-4c5e-4bf6-9cb6-42b7cccfc249}">
		<relationship name="effects">
			<destination>{bdc2046a-55f4-4694-bead-1a3ac2115160}</destination>
		</relationship>
	</object>
	<object class="MixerBusPanner" id="{84a3dfd3-c9f4-4caf-b8b2-a8a8e44ec1d3}" />
	<object class="MixerBusFader" id="{828cd0e0-0a9f-4008-a0a7-8217f2410a73}" />
	<object class="SpatialiserEffect" id="{1a2de82f-3d74-43d6-be35-5c6446a2dffe}" />
	<object class="MixerBusFader" id="{bdc2046a-55f4-4694-bead-1a3ac2115160}" />
</objects>
