<?xml version="1.0" encoding="UTF-8"?>
<objects serializationModel="Studio.02.00.00">
	<object class="Event" id="{e41ad3ee-5d76-4752-89cd-232126ac847d}">
		<property name="name">
			<value>Weapon_Throw_Female_Manager</value>
		</property>
		<property name="outputFormat">
			<value>2</value>
		</property>
		<relationship name="folder">
			<destination>{f49e290b-63d1-4fb6-be08-3139d2f91117}</destination>
		</relationship>
		<relationship name="mixer">
			<destination>{6a5ecb1c-0b3c-4573-a44c-3241d26b8c3d}</destination>
		</relationship>
		<relationship name="masterTrack">
			<destination>{6398fe56-7aa1-4346-b6a3-d7f82f88e42c}</destination>
		</relationship>
		<relationship name="mixerInput">
			<destination>{76c6b742-350e-45e0-baf1-1acf7619c152}</destination>
		</relationship>
		<relationship name="automatableProperties">
			<destination>{670afb06-c6f5-4de0-a144-08093c723981}</destination>
		</relationship>
		<relationship name="markerTracks">
			<destination>{15a8f306-0fcc-469c-acdd-1764a611d284}</destination>
		</relationship>
		<relationship name="groupTracks">
			<destination>{e03e4e81-f87d-48d1-bf50-932598a553f0}</destination>
		</relationship>
		<relationship name="timeline">
			<destination>{71bc8e21-a359-4525-81f3-a93b1b4c69ad}</destination>
		</relationship>
		<relationship name="parameters">
			<destination>{bb359661-860f-45c2-8c3d-269588cbdef0}</destination>
		</relationship>
		<relationship name="banks">
			<destination>{fc34b2e6-7e7d-444c-8dd0-13ad6733b8a1}</destination>
		</relationship>
	</object>
	<object class="EventMixer" id="{6a5ecb1c-0b3c-4573-a44c-3241d26b8c3d}">
		<relationship name="masterBus">
			<destination>{ca42b0f0-9f8d-4dd7-8782-de816f26e70c}</destination>
		</relationship>
	</object>
	<object class="MasterTrack" id="{6398fe56-7aa1-4346-b6a3-d7f82f88e42c}">
		<relationship name="mixerGroup">
			<destination>{ca42b0f0-9f8d-4dd7-8782-de816f26e70c}</destination>
		</relationship>
	</object>
	<object class="MixerInput" id="{76c6b742-350e-45e0-baf1-1acf7619c152}">
		<relationship name="effectChain">
			<destination>{509cf394-ea2c-4b0f-92af-ad36d70485ab}</destination>
		</relationship>
		<relationship name="panner">
			<destination>{b42cd284-e30d-4e08-bf0d-94176af2a5ff}</destination>
		</relationship>
		<relationship name="output">
			<destination>{04c8c892-4b21-427f-ba4d-60cfffb4a6ee}</destination>
		</relationship>
	</object>
	<object class="EventAutomatableProperties" id="{670afb06-c6f5-4de0-a144-08093c723981}" />
	<object class="MarkerTrack" id="{15a8f306-0fcc-469c-acdd-1764a611d284}" />
	<object class="GroupTrack" id="{e03e4e81-f87d-48d1-bf50-932598a553f0}">
		<relationship name="modules">
			<destination>{909ee8c7-531f-4359-aba8-a4cc4033472f}</destination>
			<destination>{fbf77c5d-5633-4660-ba56-309e7ec3ed58}</destination>
			<destination>{6af825a0-b244-4b84-9e61-d8232df2a520}</destination>
		</relationship>
		<relationship name="mixerGroup">
			<destination>{097114ac-d139-4d8c-96b4-b8221dab9de9}</destination>
		</relationship>
	</object>
	<object class="Timeline" id="{71bc8e21-a359-4525-81f3-a93b1b4c69ad}">
		<relationship name="markers">
			<destination>{e93dc782-41cc-45a4-be02-2c658c05eaf1}</destination>
		</relationship>
	</object>
	<object class="ParameterProxy" id="{bb359661-860f-45c2-8c3d-269588cbdef0}">
		<relationship name="modules">
			<destination>{909ee8c7-531f-4359-aba8-a4cc4033472f}</destination>
			<destination>{fbf77c5d-5633-4660-ba56-309e7ec3ed58}</destination>
			<destination>{6af825a0-b244-4b84-9e61-d8232df2a520}</destination>
		</relationship>
		<relationship name="preset">
			<destination>{8949853f-0dba-49bd-b6ab-cdf343b3c8ea}</destination>
		</relationship>
	</object>
	<object class="EventMixerMaster" id="{ca42b0f0-9f8d-4dd7-8782-de816f26e70c}">
		<relationship name="effectChain">
			<destination>{bbab051d-74c1-4c1d-b455-f25afb02a38a}</destination>
		</relationship>
		<relationship name="panner">
			<destination>{713b40b2-1f93-467c-be61-9cb023091c37}</destination>
		</relationship>
		<relationship name="mixer">
			<destination>{6a5ecb1c-0b3c-4573-a44c-3241d26b8c3d}</destination>
		</relationship>
	</object>
	<object class="MixerBusEffectChain" id="{509cf394-ea2c-4b0f-92af-ad36d70485ab}">
		<relationship name="effects">
			<destination>{e3ef127e-addb-4f79-a765-f68ec7bba266}</destination>
		</relationship>
	</object>
	<object class="MixerBusPanner" id="{b42cd284-e30d-4e08-bf0d-94176af2a5ff}" />
	<object class="EventSound" id="{909ee8c7-531f-4359-aba8-a4cc4033472f}">
		<property name="start">
			<value>1.9399999999999999</value>
		</property>
		<property name="length">
			<value>0.060000000000000026</value>
		</property>
		<relationship name="event">
			<destination>{18ad8536-f988-498c-9240-3ec4eab4c023}</destination>
		</relationship>
	</object>
	<object class="EventSound" id="{fbf77c5d-5633-4660-ba56-309e7ec3ed58}">
		<property name="length">
			<value>0.05999999999999997</value>
		</property>
		<relationship name="event">
			<destination>{7531aaac-b8bf-4931-b1b7-b40a1a06ac8f}</destination>
		</relationship>
	</object>
	<object class="EventSound" id="{6af825a0-b244-4b84-9e61-d8232df2a520}">
		<property name="start">
			<value>0.97999999999999998</value>
		</property>
		<property name="length">
			<value>0.05999999999999997</value>
		</property>
		<relationship name="parameters">
			<destination>{efef0cb8-8a32-4469-8a80-feb7d26406af}</destination>
		</relationship>
		<relationship name="event">
			<destination>{12d01d30-c0c0-41e4-917b-876b0ce59ae7}</destination>
		</relationship>
	</object>
	<object class="EventMixerGroup" id="{097114ac-d139-4d8c-96b4-b8221dab9de9}">
		<property name="volume">
			<value>10</value>
		</property>
		<property name="name">
			<value>Audio 1</value>
		</property>
		<relationship name="effectChain">
			<destination>{74ca0dfc-5aab-4736-9993-c5240413dfc1}</destination>
		</relationship>
		<relationship name="panner">
			<destination>{8ef8b6ad-6dc3-45cb-ae81-00b2b1768242}</destination>
		</relationship>
		<relationship name="output">
			<destination>{ca42b0f0-9f8d-4dd7-8782-de816f26e70c}</destination>
		</relationship>
	</object>
	<object class="SustainPoint" id="{e93dc782-41cc-45a4-be02-2c658c05eaf1}">
		<property name="position">
			<value>0.14000000000000001</value>
		</property>
		<relationship name="timeline">
			<destination>{71bc8e21-a359-4525-81f3-a93b1b4c69ad}</destination>
		</relationship>
		<relationship name="markerTrack">
			<destination>{15a8f306-0fcc-469c-acdd-1764a611d284}</destination>
		</relationship>
	</object>
	<object class="MixerBusEffectChain" id="{bbab051d-74c1-4c1d-b455-f25afb02a38a}">
		<relationship name="effects">
			<destination>{60b268db-148b-432f-864e-f21c098ae8c1}</destination>
			<destination>{08ce98e7-e604-4912-85dc-7adb6f5b9ced}</destination>
		</relationship>
	</object>
	<object class="MixerBusPanner" id="{713b40b2-1f93-467c-be61-9cb023091c37}" />
	<object class="MixerBusFader" id="{e3ef127e-addb-4f79-a765-f68ec7bba266}" />
	<object class="ParameterProperty" id="{efef0cb8-8a32-4469-8a80-feb7d26406af}">
		<relationship name="parameter">
			<destination>{53c8fa28-fea9-4772-a60d-25e9765cec49}</destination>
		</relationship>
	</object>
	<object class="MixerBusEffectChain" id="{74ca0dfc-5aab-4736-9993-c5240413dfc1}">
		<relationship name="effects">
			<destination>{2b63bec5-9c79-40b9-a641-5fc94fb07613}</destination>
		</relationship>
	</object>
	<object class="MixerBusPanner" id="{8ef8b6ad-6dc3-45cb-ae81-00b2b1768242}" />
	<object class="MixerBusFader" id="{60b268db-148b-432f-864e-f21c098ae8c1}" />
	<object class="SpatialiserEffect" id="{08ce98e7-e604-4912-85dc-7adb6f5b9ced}" />
	<object class="MixerBusFader" id="{2b63bec5-9c79-40b9-a641-5fc94fb07613}" />
</objects>
