<?xml version="1.0" encoding="UTF-8"?>
<objects serializationModel="Studio.02.00.00">
	<object class="Event" id="{e45bd312-5745-413a-98aa-a71d2ce0c586}">
		<property name="name">
			<value>Player_Hurt_Fish</value>
		</property>
		<property name="outputFormat">
			<value>2</value>
		</property>
		<relationship name="folder">
			<destination>{dd5c3df6-d113-4c5d-92aa-f6edfca9a17f}</destination>
		</relationship>
		<relationship name="mixer">
			<destination>{357813c3-68da-4c95-9a22-97fc1f10a62e}</destination>
		</relationship>
		<relationship name="masterTrack">
			<destination>{3a32e4ab-c331-48cf-a2df-8da164f7ff8a}</destination>
		</relationship>
		<relationship name="mixerInput">
			<destination>{4c4a1f1c-aa78-423f-887b-05df6468bc13}</destination>
		</relationship>
		<relationship name="automatableProperties">
			<destination>{7259679b-47f8-409e-ab11-73c267273b02}</destination>
		</relationship>
		<relationship name="markerTracks">
			<destination>{d8aa4802-3d76-4b91-ad95-f5d0f3486ace}</destination>
		</relationship>
		<relationship name="groupTracks">
			<destination>{93155df6-b978-4b52-bf80-250677a736a9}</destination>
			<destination>{2e1ba158-17f4-473b-8069-b285579ef117}</destination>
			<destination>{76d0d153-7a75-4d70-bcf0-3259599441dc}</destination>
		</relationship>
		<relationship name="timeline">
			<destination>{ca263f83-505b-4fc5-abb4-0e41218dad65}</destination>
		</relationship>
		<relationship name="banks">
			<destination>{fc34b2e6-7e7d-444c-8dd0-13ad6733b8a1}</destination>
		</relationship>
	</object>
	<object class="EventMixer" id="{357813c3-68da-4c95-9a22-97fc1f10a62e}">
		<relationship name="masterBus">
			<destination>{ca04a5eb-18f2-4da2-a915-bc11cb705b80}</destination>
		</relationship>
	</object>
	<object class="MasterTrack" id="{3a32e4ab-c331-48cf-a2df-8da164f7ff8a}">
		<relationship name="mixerGroup">
			<destination>{ca04a5eb-18f2-4da2-a915-bc11cb705b80}</destination>
		</relationship>
	</object>
	<object class="MixerInput" id="{4c4a1f1c-aa78-423f-887b-05df6468bc13}">
		<relationship name="effectChain">
			<destination>{5e366578-0ea6-4049-af01-bceab386ff30}</destination>
		</relationship>
		<relationship name="panner">
			<destination>{ff2553ed-0f6b-4f9d-a438-0f1f5ea0f547}</destination>
		</relationship>
		<relationship name="output">
			<destination>{4778e8ea-745c-4994-8b8a-4a0182cd9786}</destination>
		</relationship>
	</object>
	<object class="EventAutomatableProperties" id="{7259679b-47f8-409e-ab11-73c267273b02}" />
	<object class="MarkerTrack" id="{d8aa4802-3d76-4b91-ad95-f5d0f3486ace}" />
	<object class="GroupTrack" id="{93155df6-b978-4b52-bf80-250677a736a9}">
		<relationship name="modules">
			<destination>{4c040bba-c83c-4429-ada2-61c8613e06dd}</destination>
		</relationship>
		<relationship name="mixerGroup">
			<destination>{6f0da786-b2cc-4f7e-a15f-b81d1e1efab7}</destination>
		</relationship>
	</object>
	<object class="GroupTrack" id="{2e1ba158-17f4-473b-8069-b285579ef117}">
		<relationship name="modules">
			<destination>{f38b2f5f-5028-4b23-835a-9238f74d0a77}</destination>
		</relationship>
		<relationship name="mixerGroup">
			<destination>{b2f74370-ec3d-419b-9a56-41ed6b8052c1}</destination>
		</relationship>
	</object>
	<object class="GroupTrack" id="{76d0d153-7a75-4d70-bcf0-3259599441dc}">
		<relationship name="modules">
			<destination>{14df8b4e-df18-43e7-8c1b-f0549d78bd12}</destination>
		</relationship>
		<relationship name="mixerGroup">
			<destination>{836ee03a-b7b0-42b4-9151-be0f21f6ab8e}</destination>
		</relationship>
	</object>
	<object class="Timeline" id="{ca263f83-505b-4fc5-abb4-0e41218dad65}">
		<relationship name="modules">
			<destination>{f38b2f5f-5028-4b23-835a-9238f74d0a77}</destination>
			<destination>{4c040bba-c83c-4429-ada2-61c8613e06dd}</destination>
			<destination>{14df8b4e-df18-43e7-8c1b-f0549d78bd12}</destination>
		</relationship>
	</object>
	<object class="EventMixerMaster" id="{ca04a5eb-18f2-4da2-a915-bc11cb705b80}">
		<relationship name="effectChain">
			<destination>{cd5c140e-a2cd-4c1d-be1a-ec3b7cd91159}</destination>
		</relationship>
		<relationship name="panner">
			<destination>{61ccfbe9-16c1-4219-8537-4a8358351b76}</destination>
		</relationship>
		<relationship name="mixer">
			<destination>{357813c3-68da-4c95-9a22-97fc1f10a62e}</destination>
		</relationship>
	</object>
	<object class="MixerBusEffectChain" id="{5e366578-0ea6-4049-af01-bceab386ff30}">
		<relationship name="effects">
			<destination>{b2a309b7-52d6-4d29-8fde-3fbd4393d467}</destination>
		</relationship>
	</object>
	<object class="MixerBusPanner" id="{ff2553ed-0f6b-4f9d-a438-0f1f5ea0f547}" />
	<object class="MultiSound" id="{4c040bba-c83c-4429-ada2-61c8613e06dd}">
		<property name="start">
			<value>0.0068464976006769309</value>
		</property>
		<property name="length">
			<value>0.3131535023993231</value>
		</property>
		<property name="playlistMode">
			<value>1</value>
		</property>
		<relationship name="fadeOutCurve">
			<destination>{51bab199-5639-4b10-a7b5-5a4e637e363f}</destination>
		</relationship>
		<relationship name="sounds">
			<destination>{98f558bc-2316-4d5f-aa6f-c92dc7088baa}</destination>
			<destination>{eb583d51-4737-4b8a-8481-61af884a625b}</destination>
			<destination>{da2e310b-4cce-4ea6-856d-98b84ab00ccb}</destination>
			<destination>{935529eb-7473-4b14-9170-c82e4e430f02}</destination>
			<destination>{0487bf2c-fa87-40a4-a100-a84c56f88e31}</destination>
			<destination>{2762be58-2481-42f9-84ae-b93bcfefdc16}</destination>
			<destination>{730841bc-b718-4baa-b5bc-bf54d2ceefe6}</destination>
			<destination>{ca94a3e3-d031-4c9e-bc12-b3ac34789478}</destination>
		</relationship>
	</object>
	<object class="EventMixerGroup" id="{6f0da786-b2cc-4f7e-a15f-b81d1e1efab7}">
		<property name="volume">
			<value>5.5</value>
		</property>
		<property name="name">
			<value>Thud</value>
		</property>
		<relationship name="effectChain">
			<destination>{73a4f7e5-ffe6-4b88-bcca-7edd13a15ab5}</destination>
		</relationship>
		<relationship name="panner">
			<destination>{ad0a7d49-3c66-4d88-a8ac-fcaa6cbc45e3}</destination>
		</relationship>
		<relationship name="output">
			<destination>{ca04a5eb-18f2-4da2-a915-bc11cb705b80}</destination>
		</relationship>
	</object>
	<object class="MultiSound" id="{f38b2f5f-5028-4b23-835a-9238f74d0a77}">
		<property name="length">
			<value>0.46000000000000008</value>
		</property>
		<property name="startOffset">
			<value>12.5</value>
		</property>
		<property name="volume">
			<value>5</value>
		</property>
		<property name="pitch">
			<value>4</value>
		</property>
		<property name="playlistMode">
			<value>1</value>
		</property>
		<relationship name="modulators">
			<destination>{c00b9cd0-c0a5-4c27-8a26-11f2de87bd27}</destination>
		</relationship>
		<relationship name="fadeOutCurve">
			<destination>{e5004054-ddf1-4ed1-b84c-ed9e17bd2d5e}</destination>
		</relationship>
		<relationship name="sounds">
			<destination>{dea08347-75b2-42a4-95df-691f0587219f}</destination>
			<destination>{98cb570d-92f1-4151-8c95-8aecdce6bac6}</destination>
			<destination>{b0e26c39-bf03-49f8-b797-93d998f3e428}</destination>
		</relationship>
	</object>
	<object class="EventMixerGroup" id="{b2f74370-ec3d-419b-9a56-41ed6b8052c1}">
		<property name="name">
			<value>Impact</value>
		</property>
		<relationship name="effectChain">
			<destination>{7e413336-b870-46d7-953f-bb5cf0a32461}</destination>
		</relationship>
		<relationship name="panner">
			<destination>{0272461e-1227-4bab-b8de-4a2d963d7348}</destination>
		</relationship>
		<relationship name="output">
			<destination>{ca04a5eb-18f2-4da2-a915-bc11cb705b80}</destination>
		</relationship>
	</object>
	<object class="SingleSound" id="{14df8b4e-df18-43e7-8c1b-f0549d78bd12}">
		<property name="length">
			<value>0.17999999999999999</value>
		</property>
		<property name="timelockedOffset">
			<value>0.02</value>
		</property>
		<relationship name="fadeInCurve">
			<destination>{c92411ad-a926-40a8-bd29-5f6b15c170e5}</destination>
		</relationship>
		<relationship name="audioFile">
			<destination>{779fe075-d86b-4808-87a6-3cd85264facf}</destination>
		</relationship>
	</object>
	<object class="EventMixerGroup" id="{836ee03a-b7b0-42b4-9151-be0f21f6ab8e}">
		<property name="name">
			<value>Thud 2</value>
		</property>
		<relationship name="effectChain">
			<destination>{970b3369-6a39-4c71-be6b-460dfa66a0f3}</destination>
		</relationship>
		<relationship name="panner">
			<destination>{8add3df6-381b-4ee3-96f6-aa5ac117ede8}</destination>
		</relationship>
		<relationship name="output">
			<destination>{ca04a5eb-18f2-4da2-a915-bc11cb705b80}</destination>
		</relationship>
	</object>
	<object class="MixerBusEffectChain" id="{cd5c140e-a2cd-4c1d-be1a-ec3b7cd91159}">
		<relationship name="effects">
			<destination>{78fe80c0-41d2-446d-9bf0-e1badb9a6c70}</destination>
			<destination>{aae42770-3dde-4efc-86e0-2807d152d855}</destination>
		</relationship>
	</object>
	<object class="MixerBusPanner" id="{61ccfbe9-16c1-4219-8537-4a8358351b76}" />
	<object class="MixerBusFader" id="{b2a309b7-52d6-4d29-8fde-3fbd4393d467}" />
	<object class="FadeCurve" id="{51bab199-5639-4b10-a7b5-5a4e637e363f}">
		<relationship name="startPoint">
			<destination>{29435c2e-f873-4928-95c3-16c63553ca43}</destination>
		</relationship>
		<relationship name="endPoint">
			<destination>{514bb7c8-3fa8-4857-b509-91faad0ca090}</destination>
		</relationship>
	</object>
	<object class="SingleSound" id="{98f558bc-2316-4d5f-aa6f-c92dc7088baa}">
		<relationship name="audioFile">
			<destination>{d5776324-c228-443f-9252-ac9ee1b7df02}</destination>
		</relationship>
	</object>
	<object class="SingleSound" id="{eb583d51-4737-4b8a-8481-61af884a625b}">
		<relationship name="audioFile">
			<destination>{895b1f17-cac0-48cc-bd14-189d60d73df8}</destination>
		</relationship>
	</object>
	<object class="SingleSound" id="{da2e310b-4cce-4ea6-856d-98b84ab00ccb}">
		<relationship name="audioFile">
			<destination>{ea8f78b4-b0de-48f2-aa3d-c7818920ffa4}</destination>
		</relationship>
	</object>
	<object class="SingleSound" id="{935529eb-7473-4b14-9170-c82e4e430f02}">
		<relationship name="audioFile">
			<destination>{575ff280-cb6e-4fb8-b027-176d4d260dc0}</destination>
		</relationship>
	</object>
	<object class="SingleSound" id="{0487bf2c-fa87-40a4-a100-a84c56f88e31}">
		<relationship name="audioFile">
			<destination>{0a826f0a-4094-40ae-a54c-1c9e0142dc34}</destination>
		</relationship>
	</object>
	<object class="SingleSound" id="{2762be58-2481-42f9-84ae-b93bcfefdc16}">
		<relationship name="audioFile">
			<destination>{67c1f904-ed16-4685-89d4-e557de65502e}</destination>
		</relationship>
	</object>
	<object class="SingleSound" id="{730841bc-b718-4baa-b5bc-bf54d2ceefe6}">
		<relationship name="audioFile">
			<destination>{2be20743-9d37-437e-85ea-1833c729c585}</destination>
		</relationship>
	</object>
	<object class="SingleSound" id="{ca94a3e3-d031-4c9e-bc12-b3ac34789478}">
		<relationship name="audioFile">
			<destination>{df5b5418-7f5c-4f20-81b4-ce29f33f5f7c}</destination>
		</relationship>
	</object>
	<object class="MixerBusEffectChain" id="{73a4f7e5-ffe6-4b88-bcca-7edd13a15ab5}">
		<relationship name="effects">
			<destination>{9a8c4d93-ec86-45ff-b993-d5b1299d7af4}</destination>
			<destination>{b33d674c-63ec-443b-9d47-6b33794c28b3}</destination>
			<destination>{d63a68e3-c3a7-4074-b4aa-f901ef6794bc}</destination>
		</relationship>
	</object>
	<object class="MixerBusPanner" id="{ad0a7d49-3c66-4d88-a8ac-fcaa6cbc45e3}" />
	<object class="RandomizerModulator" id="{c00b9cd0-c0a5-4c27-8a26-11f2de87bd27}">
		<property name="nameOfPropertyBeingModulated">
			<value>pitch</value>
		</property>
		<property name="amount">
			<value>16.6666679</value>
		</property>
	</object>
	<object class="FadeCurve" id="{e5004054-ddf1-4ed1-b84c-ed9e17bd2d5e}">
		<relationship name="startPoint">
			<destination>{dea733d4-31b5-4b7d-8b0f-b6724aa01649}</destination>
		</relationship>
		<relationship name="endPoint">
			<destination>{3380c0f1-0449-413c-bea8-ade9c49dd5af}</destination>
		</relationship>
	</object>
	<object class="SingleSound" id="{dea08347-75b2-42a4-95df-691f0587219f}">
		<property name="volume">
			<value>-8</value>
		</property>
		<relationship name="audioFile">
			<destination>{ff7befc0-3748-4a17-8480-caa560033e66}</destination>
		</relationship>
	</object>
	<object class="SingleSound" id="{98cb570d-92f1-4151-8c95-8aecdce6bac6}">
		<relationship name="audioFile">
			<destination>{3a293c13-e5f6-4001-ab3d-3f274bd20eec}</destination>
		</relationship>
	</object>
	<object class="SingleSound" id="{b0e26c39-bf03-49f8-b797-93d998f3e428}">
		<relationship name="audioFile">
			<destination>{9f5e4c03-47c4-47d9-990c-6a6ec9641014}</destination>
		</relationship>
	</object>
	<object class="MixerBusEffectChain" id="{7e413336-b870-46d7-953f-bb5cf0a32461}">
		<relationship name="effects">
			<destination>{9b35012d-1126-4e12-9568-96b57bdb509e}</destination>
			<destination>{de853de8-e953-41ee-b312-3bd5d4450716}</destination>
		</relationship>
	</object>
	<object class="MixerBusPanner" id="{0272461e-1227-4bab-b8de-4a2d963d7348}" />
	<object class="FadeCurve" id="{c92411ad-a926-40a8-bd29-5f6b15c170e5}">
		<relationship name="startPoint">
			<destination>{0b2ca4fb-117e-477b-b43b-b6a3deb24b41}</destination>
		</relationship>
		<relationship name="endPoint">
			<destination>{c5a52ac9-ec83-41e8-88f9-fda91695677f}</destination>
		</relationship>
	</object>
	<object class="MixerBusEffectChain" id="{970b3369-6a39-4c71-be6b-460dfa66a0f3}">
		<relationship name="effects">
			<destination>{c33eab7c-d51a-40f3-a6f6-c79715c581a1}</destination>
		</relationship>
	</object>
	<object class="MixerBusPanner" id="{8add3df6-381b-4ee3-96f6-aa5ac117ede8}" />
	<object class="MixerBusFader" id="{78fe80c0-41d2-446d-9bf0-e1badb9a6c70}" />
	<object class="SpatialiserEffect" id="{aae42770-3dde-4efc-86e0-2807d152d855}">
		<property name="maximumDistance">
			<value>100</value>
		</property>
		<property name="extentMode">
			<value>1</value>
		</property>
		<property name="soundSize">
			<value>50</value>
		</property>
	</object>
	<object class="AutomationPoint" id="{29435c2e-f873-4928-95c3-16c63553ca43}">
		<property name="position">
			<value>0.26000000000000001</value>
		</property>
		<property name="value">
			<value>1</value>
		</property>
		<property name="curveShape">
			<value>0.519575119</value>
		</property>
	</object>
	<object class="AutomationPoint" id="{514bb7c8-3fa8-4857-b509-91faad0ca090}">
		<property name="position">
			<value>0.32000000000000001</value>
		</property>
		<property name="value">
			<value>0</value>
		</property>
	</object>
	<object class="MixerBusFader" id="{9a8c4d93-ec86-45ff-b993-d5b1299d7af4}" />
	<object class="ThreeEQEffect" id="{b33d674c-63ec-443b-9d47-6b33794c28b3}">
		<property name="lowGain">
			<value>-14.5</value>
		</property>
		<property name="midGain">
			<value>-5</value>
		</property>
		<property name="highGain">
			<value>-4.5</value>
		</property>
		<property name="highCrossover">
			<value>10000</value>
		</property>
		<property name="crossoverSlope">
			<value>0</value>
		</property>
	</object>
	<object class="LimiterEffect" id="{d63a68e3-c3a7-4074-b4aa-f901ef6794bc}">
		<property name="boost">
			<value>3.39999986</value>
		</property>
		<property name="ceiling">
			<value>-3.99999976</value>
		</property>
		<property name="release">
			<value>5</value>
		</property>
	</object>
	<object class="AutomationPoint" id="{dea733d4-31b5-4b7d-8b0f-b6724aa01649}">
		<property name="position">
			<value>0.18000000000000008</value>
		</property>
		<property name="value">
			<value>1</value>
		</property>
		<property name="curveShape">
			<value>0.204003036</value>
		</property>
	</object>
	<object class="AutomationPoint" id="{3380c0f1-0449-413c-bea8-ade9c49dd5af}">
		<property name="position">
			<value>0.46000000000000002</value>
		</property>
		<property name="value">
			<value>0</value>
		</property>
	</object>
	<object class="MixerBusFader" id="{9b35012d-1126-4e12-9568-96b57bdb509e}" />
	<object class="SFXReverbEffect" id="{de853de8-e953-41ee-b312-3bd5d4450716}">
		<property name="decayTime">
			<value>1300</value>
		</property>
		<property name="HFDecayRatio">
			<value>35.5</value>
		</property>
		<property name="wetLevel">
			<value>0</value>
		</property>
	</object>
	<object class="AutomationPoint" id="{0b2ca4fb-117e-477b-b43b-b6a3deb24b41}">
		<property name="position">
			<value>0</value>
		</property>
		<property name="value">
			<value>0</value>
		</property>
		<property name="curveShape">
			<value>-1.00000048</value>
		</property>
	</object>
	<object class="AutomationPoint" id="{c5a52ac9-ec83-41e8-88f9-fda91695677f}">
		<property name="position">
			<value>0.0068464976006769309</value>
		</property>
		<property name="value">
			<value>1</value>
		</property>
	</object>
	<object class="MixerBusFader" id="{c33eab7c-d51a-40f3-a6f6-c79715c581a1}" />
</objects>
