<?xml version="1.0" encoding="UTF-8"?>
<objects serializationModel="Studio.02.00.00">
	<object class="Event" id="{e7a62b3f-f76d-4a44-a785-8c17af3870ca}">
		<property name="name">
			<value>Weapon_Spear_Attack</value>
		</property>
		<property name="outputFormat">
			<value>2</value>
		</property>
		<relationship name="folder">
			<destination>{adfe8f58-6b21-497d-88cd-035930d204c8}</destination>
		</relationship>
		<relationship name="mixer">
			<destination>{17356bc9-ba9d-4edf-8646-d1e40788a135}</destination>
		</relationship>
		<relationship name="masterTrack">
			<destination>{f63f2a83-94fa-46e9-9c77-6bf758dccdd9}</destination>
		</relationship>
		<relationship name="mixerInput">
			<destination>{a97ff57d-3d0d-42ec-854e-90424585be27}</destination>
		</relationship>
		<relationship name="automatableProperties">
			<destination>{4acbeb25-56e6-414b-93da-e514376ccc93}</destination>
		</relationship>
		<relationship name="markerTracks">
			<destination>{a55f625a-a106-4512-8cc8-246be19d571f}</destination>
		</relationship>
		<relationship name="groupTracks">
			<destination>{8f37b833-d009-49d2-a588-0d854136cd32}</destination>
		</relationship>
		<relationship name="timeline">
			<destination>{0b8b5e67-b695-4539-af24-a5dac304ef41}</destination>
		</relationship>
		<relationship name="banks">
			<destination>{fc34b2e6-7e7d-444c-8dd0-13ad6733b8a1}</destination>
		</relationship>
	</object>
	<object class="EventMixer" id="{17356bc9-ba9d-4edf-8646-d1e40788a135}">
		<relationship name="masterBus">
			<destination>{33e3cddd-f695-4201-9110-4fd7e0ae37de}</destination>
		</relationship>
	</object>
	<object class="MasterTrack" id="{f63f2a83-94fa-46e9-9c77-6bf758dccdd9}">
		<relationship name="mixerGroup">
			<destination>{33e3cddd-f695-4201-9110-4fd7e0ae37de}</destination>
		</relationship>
	</object>
	<object class="MixerInput" id="{a97ff57d-3d0d-42ec-854e-90424585be27}">
		<relationship name="effectChain">
			<destination>{ff369bf1-d709-473e-a734-87689c3fe02c}</destination>
		</relationship>
		<relationship name="panner">
			<destination>{a1201de3-d447-4f7d-8274-aefc8086f1d5}</destination>
		</relationship>
		<relationship name="output">
			<destination>{4778e8ea-745c-4994-8b8a-4a0182cd9786}</destination>
		</relationship>
	</object>
	<object class="EventAutomatableProperties" id="{4acbeb25-56e6-414b-93da-e514376ccc93}" />
	<object class="MarkerTrack" id="{a55f625a-a106-4512-8cc8-246be19d571f}" />
	<object class="GroupTrack" id="{8f37b833-d009-49d2-a588-0d854136cd32}">
		<relationship name="modules">
			<destination>{1529eadb-23ff-4eaa-ba41-780307d6c9aa}</destination>
		</relationship>
		<relationship name="mixerGroup">
			<destination>{97daa18e-082d-4e40-b4fd-a3313cbce5ce}</destination>
		</relationship>
	</object>
	<object class="Timeline" id="{0b8b5e67-b695-4539-af24-a5dac304ef41}">
		<relationship name="modules">
			<destination>{1529eadb-23ff-4eaa-ba41-780307d6c9aa}</destination>
		</relationship>
	</object>
	<object class="EventMixerMaster" id="{33e3cddd-f695-4201-9110-4fd7e0ae37de}">
		<relationship name="effectChain">
			<destination>{7b101d21-8419-468c-95a2-10ccadea15b3}</destination>
		</relationship>
		<relationship name="panner">
			<destination>{7a44d922-c76d-4173-a98e-76f0bfc7a2ac}</destination>
		</relationship>
		<relationship name="mixer">
			<destination>{17356bc9-ba9d-4edf-8646-d1e40788a135}</destination>
		</relationship>
	</object>
	<object class="MixerBusEffectChain" id="{ff369bf1-d709-473e-a734-87689c3fe02c}">
		<relationship name="effects">
			<destination>{44252c8e-df2f-4be5-9859-b4003642262b}</destination>
		</relationship>
	</object>
	<object class="MixerBusPanner" id="{a1201de3-d447-4f7d-8274-aefc8086f1d5}" />
	<object class="MultiSound" id="{1529eadb-23ff-4eaa-ba41-780307d6c9aa}">
		<property name="length">
			<value>0.38024943310657594</value>
		</property>
		<property name="volume">
			<value>3.5</value>
		</property>
		<property name="pitch">
			<value>5.5</value>
		</property>
		<relationship name="modulators">
			<destination>{67d2c186-6cf4-422c-a19d-578733af1202}</destination>
		</relationship>
		<relationship name="sounds">
			<destination>{0a68137d-8098-4b30-99fe-b1b657114873}</destination>
			<destination>{6396c695-98e1-49bc-bf65-ccc8a462d2b6}</destination>
			<destination>{663a1746-6f99-4c3e-b001-f76c90b5dcfb}</destination>
		</relationship>
	</object>
	<object class="EventMixerGroup" id="{97daa18e-082d-4e40-b4fd-a3313cbce5ce}">
		<property name="name">
			<value>Poke</value>
		</property>
		<relationship name="effectChain">
			<destination>{5554b67e-2d29-4c74-b48f-8f8535ab61e7}</destination>
		</relationship>
		<relationship name="panner">
			<destination>{b4baa537-9a7e-4650-b35c-4045836d3f0c}</destination>
		</relationship>
		<relationship name="output">
			<destination>{33e3cddd-f695-4201-9110-4fd7e0ae37de}</destination>
		</relationship>
	</object>
	<object class="MixerBusEffectChain" id="{7b101d21-8419-468c-95a2-10ccadea15b3}">
		<relationship name="effects">
			<destination>{2d5f9e46-70b7-4df0-a6a0-35a2fa79c141}</destination>
			<destination>{09b10e90-0efe-4abf-9df6-0d4093aa5a4a}</destination>
		</relationship>
	</object>
	<object class="MixerBusPanner" id="{7a44d922-c76d-4173-a98e-76f0bfc7a2ac}" />
	<object class="MixerBusFader" id="{44252c8e-df2f-4be5-9859-b4003642262b}" />
	<object class="RandomizerModulator" id="{67d2c186-6cf4-422c-a19d-578733af1202}">
		<property name="nameOfPropertyBeingModulated">
			<value>pitch</value>
		</property>
		<property name="amount">
			<value>23.5</value>
		</property>
	</object>
	<object class="SingleSound" id="{0a68137d-8098-4b30-99fe-b1b657114873}">
		<relationship name="audioFile">
			<destination>{30d06c61-904b-4fcf-a649-e9109b28effc}</destination>
		</relationship>
	</object>
	<object class="SingleSound" id="{6396c695-98e1-49bc-bf65-ccc8a462d2b6}">
		<relationship name="audioFile">
			<destination>{5d17ddd0-caaf-41c8-a5e5-1c101380d156}</destination>
		</relationship>
	</object>
	<object class="SingleSound" id="{663a1746-6f99-4c3e-b001-f76c90b5dcfb}">
		<relationship name="audioFile">
			<destination>{9a6ce44c-48ea-4a84-ae17-8215042f300a}</destination>
		</relationship>
	</object>
	<object class="MixerBusEffectChain" id="{5554b67e-2d29-4c74-b48f-8f8535ab61e7}">
		<relationship name="effects">
			<destination>{6d84bd47-6560-4bec-87f5-8c53b0d787d5}</destination>
		</relationship>
	</object>
	<object class="MixerBusPanner" id="{b4baa537-9a7e-4650-b35c-4045836d3f0c}" />
	<object class="MixerBusFader" id="{2d5f9e46-70b7-4df0-a6a0-35a2fa79c141}" />
	<object class="SpatialiserEffect" id="{09b10e90-0efe-4abf-9df6-0d4093aa5a4a}">
		<property name="maximumDistance">
			<value>100</value>
		</property>
		<property name="extentMode">
			<value>1</value>
		</property>
		<property name="soundSize">
			<value>50</value>
		</property>
	</object>
	<object class="MixerBusFader" id="{6d84bd47-6560-4bec-87f5-8c53b0d787d5}" />
</objects>
