<?xml version="1.0" encoding="UTF-8"?>
<objects serializationModel="Studio.02.00.00">
	<object class="Event" id="{f479d4f5-b6fe-4050-97cb-1e535c010db8}">
		<property name="name">
			<value>Announcer_Match_Start</value>
		</property>
		<property name="outputFormat">
			<value>1</value>
		</property>
		<relationship name="folder">
			<destination>{08d1bd8f-9240-41cf-ab6a-70763ba96668}</destination>
		</relationship>
		<relationship name="mixer">
			<destination>{b8739a21-b3ee-4214-9886-8d10a79e3cc9}</destination>
		</relationship>
		<relationship name="masterTrack">
			<destination>{09ce5006-e197-49e9-abc5-3bc5beff6f3b}</destination>
		</relationship>
		<relationship name="mixerInput">
			<destination>{3624a353-48a2-4501-8aa3-514e5808ba9c}</destination>
		</relationship>
		<relationship name="automatableProperties">
			<destination>{79c14c67-3fc6-4f3c-bcd1-3880362f796e}</destination>
		</relationship>
		<relationship name="markerTracks">
			<destination>{573d1f82-e4a1-4364-b324-d5e8327fe759}</destination>
		</relationship>
		<relationship name="groupTracks">
			<destination>{97f39843-023f-4b95-a2fa-36fc4e2414f7}</destination>
		</relationship>
		<relationship name="timeline">
			<destination>{a0134a02-6062-4a7c-90a5-16b77ef3b689}</destination>
		</relationship>
		<relationship name="banks">
			<destination>{fc34b2e6-7e7d-444c-8dd0-13ad6733b8a1}</destination>
		</relationship>
	</object>
	<object class="EventMixer" id="{b8739a21-b3ee-4214-9886-8d10a79e3cc9}">
		<relationship name="masterBus">
			<destination>{90272d23-d908-4209-bf95-0bca18c2eddc}</destination>
		</relationship>
	</object>
	<object class="MasterTrack" id="{09ce5006-e197-49e9-abc5-3bc5beff6f3b}">
		<relationship name="mixerGroup">
			<destination>{90272d23-d908-4209-bf95-0bca18c2eddc}</destination>
		</relationship>
	</object>
	<object class="MixerInput" id="{3624a353-48a2-4501-8aa3-514e5808ba9c}">
		<relationship name="effectChain">
			<destination>{1ad02437-2161-4bfd-a9fa-51e891003ff6}</destination>
		</relationship>
		<relationship name="panner">
			<destination>{a7e34582-b92e-496d-b305-2abb60374fad}</destination>
		</relationship>
		<relationship name="output">
			<destination>{4778e8ea-745c-4994-8b8a-4a0182cd9786}</destination>
		</relationship>
	</object>
	<object class="EventAutomatableProperties" id="{79c14c67-3fc6-4f3c-bcd1-3880362f796e}" />
	<object class="MarkerTrack" id="{573d1f82-e4a1-4364-b324-d5e8327fe759}" />
	<object class="GroupTrack" id="{97f39843-023f-4b95-a2fa-36fc4e2414f7}">
		<relationship name="modules">
			<destination>{b6022fc1-3f80-44f5-a081-553760fe0e24}</destination>
			<destination>{95f1f772-9051-4e19-b65e-328013f4bcd4}</destination>
		</relationship>
		<relationship name="mixerGroup">
			<destination>{fa72c6fd-b933-4af5-a8ba-03bd0122f987}</destination>
		</relationship>
	</object>
	<object class="Timeline" id="{a0134a02-6062-4a7c-90a5-16b77ef3b689}">
		<relationship name="modules">
			<destination>{b6022fc1-3f80-44f5-a081-553760fe0e24}</destination>
			<destination>{95f1f772-9051-4e19-b65e-328013f4bcd4}</destination>
		</relationship>
	</object>
	<object class="EventMixerMaster" id="{90272d23-d908-4209-bf95-0bca18c2eddc}">
		<relationship name="effectChain">
			<destination>{305a41da-6b72-488a-bce4-4ec353c39d3b}</destination>
		</relationship>
		<relationship name="panner">
			<destination>{8dc6cd13-9afe-48e4-b6cc-330476c052bd}</destination>
		</relationship>
		<relationship name="mixer">
			<destination>{b8739a21-b3ee-4214-9886-8d10a79e3cc9}</destination>
		</relationship>
	</object>
	<object class="MixerBusEffectChain" id="{1ad02437-2161-4bfd-a9fa-51e891003ff6}">
		<relationship name="effects">
			<destination>{8b4f0298-039d-419b-8236-87ae09fadf01}</destination>
		</relationship>
	</object>
	<object class="MixerBusPanner" id="{a7e34582-b92e-496d-b305-2abb60374fad}" />
	<object class="MultiSound" id="{b6022fc1-3f80-44f5-a081-553760fe0e24}">
		<property name="length">
			<value>3.9509750566893422</value>
		</property>
		<relationship name="fadeOutCurve">
			<destination>{15674472-a2ac-44d5-9048-75424a52ee9e}</destination>
		</relationship>
		<relationship name="sounds">
			<destination>{a2d05747-103b-4702-8f6e-682012d42077}</destination>
			<destination>{3086adaf-e066-4db5-947a-c1298cafe474}</destination>
		</relationship>
	</object>
	<object class="MultiSound" id="{95f1f772-9051-4e19-b65e-328013f4bcd4}">
		<property name="start">
			<value>3.9509750566893422</value>
		</property>
		<property name="length">
			<value>2.712607709750567</value>
		</property>
		<property name="volume">
			<value>7</value>
		</property>
		<relationship name="fadeInCurve">
			<destination>{b2f8ea5e-f927-4146-a19a-3225c2660bdc}</destination>
		</relationship>
		<relationship name="sounds">
			<destination>{caeb7be9-8a3e-44d5-b8dc-5a0346b887fc}</destination>
			<destination>{ce0417b3-11ba-4747-9297-06e327e4cb67}</destination>
		</relationship>
	</object>
	<object class="EventMixerGroup" id="{fa72c6fd-b933-4af5-a8ba-03bd0122f987}">
		<property name="name">
			<value>CountDown</value>
		</property>
		<relationship name="effectChain">
			<destination>{b95e86c1-5fde-428f-92b7-cec16161f14f}</destination>
		</relationship>
		<relationship name="panner">
			<destination>{9d4701cd-66bd-4000-a008-2ba618339b51}</destination>
		</relationship>
		<relationship name="output">
			<destination>{90272d23-d908-4209-bf95-0bca18c2eddc}</destination>
		</relationship>
	</object>
	<object class="MixerBusEffectChain" id="{305a41da-6b72-488a-bce4-4ec353c39d3b}">
		<relationship name="effects">
			<destination>{c1d0c333-5e39-4162-bd98-368b66899d4e}</destination>
		</relationship>
	</object>
	<object class="MixerBusPanner" id="{8dc6cd13-9afe-48e4-b6cc-330476c052bd}">
		<property name="overridingOutputFormat">
			<value>1</value>
		</property>
		<property name="outputFormatOverridden">
			<value>true</value>
		</property>
	</object>
	<object class="MixerBusFader" id="{8b4f0298-039d-419b-8236-87ae09fadf01}" />
	<object class="FadeCurve" id="{15674472-a2ac-44d5-9048-75424a52ee9e}">
		<relationship name="startPoint">
			<destination>{58f56d89-64a8-4d05-82cc-c533a72b9e45}</destination>
		</relationship>
		<relationship name="endPoint">
			<destination>{930816c5-5f02-4bb3-a7c0-78160a5cc8a1}</destination>
		</relationship>
	</object>
	<object class="SingleSound" id="{a2d05747-103b-4702-8f6e-682012d42077}">
		<relationship name="audioFile">
			<destination>{3a83f5a7-c2a6-4b39-b0f5-7edf31ceb090}</destination>
		</relationship>
	</object>
	<object class="SingleSound" id="{3086adaf-e066-4db5-947a-c1298cafe474}">
		<relationship name="audioFile">
			<destination>{0968696a-958f-4223-b282-3a9f8f651808}</destination>
		</relationship>
	</object>
	<object class="FadeCurve" id="{b2f8ea5e-f927-4146-a19a-3225c2660bdc}">
		<relationship name="startPoint">
			<destination>{c7099287-e9b2-4869-8d06-94b74290a3ae}</destination>
		</relationship>
		<relationship name="endPoint">
			<destination>{f9c07713-ea24-49fb-969d-ad9abbd3c022}</destination>
		</relationship>
	</object>
	<object class="SingleSound" id="{caeb7be9-8a3e-44d5-b8dc-5a0346b887fc}">
		<relationship name="audioFile">
			<destination>{9cf4128c-b02b-43c6-9781-4bfc3de09420}</destination>
		</relationship>
	</object>
	<object class="SingleSound" id="{ce0417b3-11ba-4747-9297-06e327e4cb67}">
		<relationship name="audioFile">
			<destination>{3740f40f-1d81-4362-9db2-5905cb452fa0}</destination>
		</relationship>
	</object>
	<object class="MixerBusEffectChain" id="{b95e86c1-5fde-428f-92b7-cec16161f14f}">
		<relationship name="effects">
			<destination>{49f83a37-2be0-4db8-a21a-ffea8a6c2c24}</destination>
			<destination>{0623bcbc-426b-4920-82c4-46d1abc2cbb7}</destination>
		</relationship>
	</object>
	<object class="MixerBusPanner" id="{9d4701cd-66bd-4000-a008-2ba618339b51}" />
	<object class="MixerBusFader" id="{c1d0c333-5e39-4162-bd98-368b66899d4e}" />
	<object class="AutomationPoint" id="{58f56d89-64a8-4d05-82cc-c533a72b9e45}">
		<property name="position">
			<value>3.5</value>
		</property>
		<property name="value">
			<value>1</value>
		</property>
		<property name="curveShape">
			<value>1</value>
		</property>
	</object>
	<object class="AutomationPoint" id="{930816c5-5f02-4bb3-a7c0-78160a5cc8a1}">
		<property name="position">
			<value>3.9509750566893422</value>
		</property>
		<property name="value">
			<value>0</value>
		</property>
	</object>
	<object class="AutomationPoint" id="{c7099287-e9b2-4869-8d06-94b74290a3ae}">
		<property name="position">
			<value>3.9509750566893422</value>
		</property>
		<property name="value">
			<value>0</value>
		</property>
		<property name="curveShape">
			<value>-1.00000048</value>
		</property>
	</object>
	<object class="AutomationPoint" id="{f9c07713-ea24-49fb-969d-ad9abbd3c022}">
		<property name="position">
			<value>4.5</value>
		</property>
		<property name="value">
			<value>1</value>
		</property>
	</object>
	<object class="MixerBusFader" id="{49f83a37-2be0-4db8-a21a-ffea8a6c2c24}" />
	<object class="SFXReverbEffect" id="{0623bcbc-426b-4920-82c4-46d1abc2cbb7}">
		<property name="decayTime">
			<value>1400</value>
		</property>
		<property name="earlyDelay">
			<value>7</value>
		</property>
		<property name="lateDelay">
			<value>4.5</value>
		</property>
		<property name="HFDecayRatio">
			<value>80</value>
		</property>
		<property name="lowShelfGain">
			<value>12</value>
		</property>
	</object>
</objects>
