<?xml version="1.0" encoding="UTF-8"?>
<objects serializationModel="Studio.02.00.00">
	<object class="Event" id="{fe1303f1-6a61-4b7b-aecb-a732a81af8f4}">
		<property name="name">
			<value>Player_Hurt_Female_Manager</value>
		</property>
		<property name="outputFormat">
			<value>2</value>
		</property>
		<relationship name="folder">
			<destination>{f49e290b-63d1-4fb6-be08-3139d2f91117}</destination>
		</relationship>
		<relationship name="mixer">
			<destination>{8a0c6923-fec7-4bdb-a57b-3cd4b533a938}</destination>
		</relationship>
		<relationship name="masterTrack">
			<destination>{4e78a064-ad07-43c6-8e8c-6c16c86f57c0}</destination>
		</relationship>
		<relationship name="mixerInput">
			<destination>{f7855340-ab1d-4b63-8e22-5eed801f79fe}</destination>
		</relationship>
		<relationship name="automatableProperties">
			<destination>{b89b6712-6340-4a02-b537-68600d46f214}</destination>
		</relationship>
		<relationship name="markerTracks">
			<destination>{fe2ad917-65f9-4c18-a3c7-0429efbec364}</destination>
		</relationship>
		<relationship name="groupTracks">
			<destination>{8a57266b-a49e-44df-8be5-387ea0a4d5c4}</destination>
		</relationship>
		<relationship name="timeline">
			<destination>{83741e39-e9c0-41fb-9458-33ea70642aa3}</destination>
		</relationship>
		<relationship name="parameters">
			<destination>{a00267a2-3e76-4c76-badb-137871c81c4a}</destination>
		</relationship>
		<relationship name="banks">
			<destination>{fc34b2e6-7e7d-444c-8dd0-13ad6733b8a1}</destination>
		</relationship>
	</object>
	<object class="EventMixer" id="{8a0c6923-fec7-4bdb-a57b-3cd4b533a938}">
		<relationship name="masterBus">
			<destination>{9439aa76-b262-49d7-bc8e-ad58bdc5884c}</destination>
		</relationship>
	</object>
	<object class="MasterTrack" id="{4e78a064-ad07-43c6-8e8c-6c16c86f57c0}">
		<relationship name="mixerGroup">
			<destination>{9439aa76-b262-49d7-bc8e-ad58bdc5884c}</destination>
		</relationship>
	</object>
	<object class="MixerInput" id="{f7855340-ab1d-4b63-8e22-5eed801f79fe}">
		<relationship name="effectChain">
			<destination>{6877c16d-b3dd-4abf-a21d-1794eb7d16bc}</destination>
		</relationship>
		<relationship name="panner">
			<destination>{9051eb3e-e7c7-4741-a7bd-830b51120f22}</destination>
		</relationship>
		<relationship name="output">
			<destination>{04c8c892-4b21-427f-ba4d-60cfffb4a6ee}</destination>
		</relationship>
	</object>
	<object class="EventAutomatableProperties" id="{b89b6712-6340-4a02-b537-68600d46f214}" />
	<object class="MarkerTrack" id="{fe2ad917-65f9-4c18-a3c7-0429efbec364}" />
	<object class="GroupTrack" id="{8a57266b-a49e-44df-8be5-387ea0a4d5c4}">
		<relationship name="modules">
			<destination>{1528fe57-68e3-4ed5-b9db-7258fea81865}</destination>
			<destination>{aa16649c-19c3-4d1e-8f8c-6740fe8abd29}</destination>
			<destination>{6e95fa71-2982-4c84-9602-113cad3c2059}</destination>
		</relationship>
		<relationship name="mixerGroup">
			<destination>{c150a86c-0574-4e93-8e4c-8430f49e3824}</destination>
		</relationship>
	</object>
	<object class="Timeline" id="{83741e39-e9c0-41fb-9458-33ea70642aa3}">
		<relationship name="markers">
			<destination>{0c77165c-8868-4685-b6d3-8d86e550a688}</destination>
		</relationship>
	</object>
	<object class="ParameterProxy" id="{a00267a2-3e76-4c76-badb-137871c81c4a}">
		<relationship name="modules">
			<destination>{1528fe57-68e3-4ed5-b9db-7258fea81865}</destination>
			<destination>{aa16649c-19c3-4d1e-8f8c-6740fe8abd29}</destination>
			<destination>{6e95fa71-2982-4c84-9602-113cad3c2059}</destination>
		</relationship>
		<relationship name="preset">
			<destination>{29475007-4f99-40fb-8c6a-633c11264c7d}</destination>
		</relationship>
	</object>
	<object class="EventMixerMaster" id="{9439aa76-b262-49d7-bc8e-ad58bdc5884c}">
		<relationship name="effectChain">
			<destination>{de176c46-4baa-4d9d-8f15-1677f9c88aea}</destination>
		</relationship>
		<relationship name="panner">
			<destination>{233672db-52ca-4ed0-8ff4-a4f3509875f5}</destination>
		</relationship>
		<relationship name="mixer">
			<destination>{8a0c6923-fec7-4bdb-a57b-3cd4b533a938}</destination>
		</relationship>
	</object>
	<object class="MixerBusEffectChain" id="{6877c16d-b3dd-4abf-a21d-1794eb7d16bc}">
		<relationship name="effects">
			<destination>{66a66070-dc46-4bd0-9e8a-ab86ce8ce581}</destination>
		</relationship>
	</object>
	<object class="MixerBusPanner" id="{9051eb3e-e7c7-4741-a7bd-830b51120f22}" />
	<object class="EventSound" id="{1528fe57-68e3-4ed5-b9db-7258fea81865}">
		<property name="length">
			<value>0.60000000000000009</value>
		</property>
		<relationship name="event">
			<destination>{5461c3c5-96cc-416b-b67a-5c5c049efb21}</destination>
		</relationship>
	</object>
	<object class="EventSound" id="{aa16649c-19c3-4d1e-8f8c-6740fe8abd29}">
		<property name="start">
			<value>1.8</value>
		</property>
		<property name="length">
			<value>0.60000000000000009</value>
		</property>
		<relationship name="event">
			<destination>{e45bd312-5745-413a-98aa-a71d2ce0c586}</destination>
		</relationship>
	</object>
	<object class="EventSound" id="{6e95fa71-2982-4c84-9602-113cad3c2059}">
		<property name="start">
			<value>0.80000000000000004</value>
		</property>
		<property name="length">
			<value>0.59999999999999964</value>
		</property>
		<relationship name="event">
			<destination>{c26a16a7-88db-46e8-97d3-c1d987e2de99}</destination>
		</relationship>
	</object>
	<object class="EventMixerGroup" id="{c150a86c-0574-4e93-8e4c-8430f49e3824}">
		<property name="name">
			<value>Audio 1</value>
		</property>
		<relationship name="effectChain">
			<destination>{510129c9-bfa0-41a7-bc54-412a0af3128b}</destination>
		</relationship>
		<relationship name="panner">
			<destination>{1f007a0d-563d-464e-bc22-eb8c2cf00296}</destination>
		</relationship>
		<relationship name="output">
			<destination>{9439aa76-b262-49d7-bc8e-ad58bdc5884c}</destination>
		</relationship>
	</object>
	<object class="SustainPoint" id="{0c77165c-8868-4685-b6d3-8d86e550a688}">
		<property name="position">
			<value>0.014999999999999999</value>
		</property>
		<relationship name="timeline">
			<destination>{83741e39-e9c0-41fb-9458-33ea70642aa3}</destination>
		</relationship>
		<relationship name="markerTrack">
			<destination>{fe2ad917-65f9-4c18-a3c7-0429efbec364}</destination>
		</relationship>
	</object>
	<object class="MixerBusEffectChain" id="{de176c46-4baa-4d9d-8f15-1677f9c88aea}">
		<relationship name="effects">
			<destination>{088a5975-35ff-4cdd-8153-60d35aa53419}</destination>
			<destination>{95984e5f-7c90-480b-9274-02a800ef70bc}</destination>
		</relationship>
	</object>
	<object class="MixerBusPanner" id="{233672db-52ca-4ed0-8ff4-a4f3509875f5}" />
	<object class="MixerBusFader" id="{66a66070-dc46-4bd0-9e8a-ab86ce8ce581}" />
	<object class="MixerBusEffectChain" id="{510129c9-bfa0-41a7-bc54-412a0af3128b}">
		<relationship name="effects">
			<destination>{e1ca2557-b2fd-429a-9398-04e3aa7214a7}</destination>
		</relationship>
	</object>
	<object class="MixerBusPanner" id="{1f007a0d-563d-464e-bc22-eb8c2cf00296}" />
	<object class="MixerBusFader" id="{088a5975-35ff-4cdd-8153-60d35aa53419}" />
	<object class="SpatialiserEffect" id="{95984e5f-7c90-480b-9274-02a800ef70bc}">
		<property name="maximumDistance">
			<value>100</value>
		</property>
	</object>
	<object class="MixerBusFader" id="{e1ca2557-b2fd-429a-9398-04e3aa7214a7}" />
</objects>
