<?xml version="1.0" encoding="UTF-8"?>
<objects serializationModel="Studio.02.00.00">
	<object class="ParameterPreset" id="{0c7e9dbd-3b19-4747-97ff-f0ca3ce848d3}">
		<property name="name">
			<value>Gender</value>
		</property>
		<relationship name="folder">
			<destination>{2cf0f05f-eecc-4767-be0c-cf1fc7e6dd60}</destination>
		</relationship>
		<relationship name="parameter">
			<destination>{0ee47510-5abd-43d3-9958-1df192e646a8}</destination>
		</relationship>
	</object>
	<object class="GameParameter" id="{0ee47510-5abd-43d3-9958-1df192e646a8}">
		<property name="initialValue">
			<value>0</value>
		</property>
	</object>
</objects>
