<?xml version="1.0" encoding="UTF-8"?>
<objects serializationModel="Studio.02.00.00">
	<object class="ParameterPreset" id="{3f8b6751-81e8-42ec-a008-a97654360c12}">
		<property name="name">
			<value>CrowdMood</value>
		</property>
		<relationship name="folder">
			<destination>{2cf0f05f-eecc-4767-be0c-cf1fc7e6dd60}</destination>
		</relationship>
		<relationship name="parameter">
			<destination>{ddc9b910-36d1-40a5-8228-e8f507252046}</destination>
		</relationship>
	</object>
	<object class="GameParameter" id="{ddc9b910-36d1-40a5-8228-e8f507252046}">
		<property name="maximum">
			<value>2</value>
		</property>
		<property name="initialValue">
			<value>0</value>
		</property>
	</object>
</objects>
