<?xml version="1.0" encoding="UTF-8"?>
<objects serializationModel="Studio.02.00.00">
	<object class="ParameterPreset" id="{49d5d063-23a1-42b4-949a-3dc4838732dd}">
		<property name="name">
			<value>Next Loop</value>
		</property>
		<relationship name="folder">
			<destination>{2cf0f05f-eecc-4767-be0c-cf1fc7e6dd60}</destination>
		</relationship>
		<relationship name="parameter">
			<destination>{5ddf8529-517a-4562-9824-c2051916f30d}</destination>
		</relationship>
	</object>
	<object class="GameParameter" id="{5ddf8529-517a-4562-9824-c2051916f30d}">
		<property name="initialValue">
			<value>0</value>
		</property>
	</object>
</objects>
