<?xml version="1.0" encoding="UTF-8"?>
<objects serializationModel="Studio.02.00.00">
	<object class="ParameterPreset" id="{731fbcfe-a111-4526-a1ba-fa4aa0f0c390}">
		<property name="name">
			<value>Dashing</value>
		</property>
		<relationship name="folder">
			<destination>{2cf0f05f-eecc-4767-be0c-cf1fc7e6dd60}</destination>
		</relationship>
		<relationship name="parameter">
			<destination>{bad8eed6-187a-4a7a-a2a6-17ee729a2a8d}</destination>
		</relationship>
	</object>
	<object class="GameParameter" id="{bad8eed6-187a-4a7a-a2a6-17ee729a2a8d}">
		<property name="initialValue">
			<value>0</value>
		</property>
	</object>
</objects>
