<?xml version="1.0" encoding="UTF-8"?>
<objects serializationModel="Studio.02.00.00">
	<object class="ParameterPreset" id="{b0617686-694e-483c-831f-45a7a6ee829c}">
		<property name="name">
			<value>lowHealth</value>
		</property>
		<relationship name="folder">
			<destination>{2cf0f05f-eecc-4767-be0c-cf1fc7e6dd60}</destination>
		</relationship>
		<relationship name="parameter">
			<destination>{de0a803e-b1cb-4326-b979-46aa923a1b63}</destination>
		</relationship>
	</object>
	<object class="GameParameter" id="{de0a803e-b1cb-4326-b979-46aa923a1b63}">
		<property name="initialValue">
			<value>0</value>
		</property>
		<property name="seekSpeed">
			<value>0.36000001430511475</value>
		</property>
	</object>
</objects>
