<?xml version="1.0" encoding="UTF-8"?>
<objects serializationModel="Studio.02.00.00">
	<object class="ParameterPreset" id="{dc2477b3-9ea0-43e3-8512-f096b06b3667}">
		<property name="name">
			<value>Victory</value>
		</property>
		<relationship name="folder">
			<destination>{2cf0f05f-eecc-4767-be0c-cf1fc7e6dd60}</destination>
		</relationship>
		<relationship name="parameter">
			<destination>{f43654b7-ac04-490e-8ffd-12477c36bb44}</destination>
		</relationship>
	</object>
	<object class="GameParameter" id="{f43654b7-ac04-490e-8ffd-12477c36bb44}">
		<property name="initialValue">
			<value>0</value>
		</property>
	</object>
</objects>
