<?xml version="1.0" encoding="UTF-8"?>
<objects serializationModel="Studio.02.00.00">
	<object class="MixerMaster" id="{4778e8ea-745c-4994-8b8a-4a0182cd9786}">
		<property name="name">
			<value>Master Bus</value>
		</property>
		<relationship name="effectChain">
			<destination>{6ef493f3-18bd-4eb3-bf4d-22eebd89ae89}</destination>
		</relationship>
		<relationship name="panner">
			<destination>{c935210f-abe4-47f7-b156-a754f656dca0}</destination>
		</relationship>
		<relationship name="mixer">
			<destination>{3ea49268-be3b-465b-9e82-3b00d9f3d2b6}</destination>
		</relationship>
	</object>
	<object class="MixerBusEffectChain" id="{6ef493f3-18bd-4eb3-bf4d-22eebd89ae89}">
		<relationship name="effects">
			<destination>{7607e0b4-a43e-467e-b810-ef1d7a9ff372}</destination>
		</relationship>
	</object>
	<object class="MixerBusPanner" id="{c935210f-abe4-47f7-b156-a754f656dca0}">
		<property name="overridingOutputFormat">
			<value>2</value>
		</property>
		<property name="outputFormatOverridden">
			<value>true</value>
		</property>
	</object>
	<object class="MixerBusFader" id="{7607e0b4-a43e-467e-b810-ef1d7a9ff372}" />
</objects>
