<?xml version="1.0" encoding="UTF-8"?>
<objects serializationModel="Studio.02.00.00">
	<object class="Workspace" id="{a5467ad5-5944-450f-9f37-c1133a22db98}">
		<property name="builtBanksOutputDirectory">
			<value>../Knight Fight/Assets/Plugins/FMOD</value>
		</property>
		<relationship name="masterEventFolder">
			<destination>{8a4f0f1c-ebed-4fca-a71a-4c8833dcc5fc}</destination>
		</relationship>
		<relationship name="masterTagFolder">
			<destination>{5bb55194-97a3-486d-9733-1746e6b45306}</destination>
		</relationship>
		<relationship name="masterEffectPresetFolder">
			<destination>{163dffca-9936-4e95-bb12-c2e9f05c5eb8}</destination>
		</relationship>
		<relationship name="masterParameterPresetFolder">
			<destination>{2cf0f05f-eecc-4767-be0c-cf1fc7e6dd60}</destination>
		</relationship>
		<relationship name="masterBankFolder">
			<destination>{9494fb7b-93f8-4209-880c-c23df0d78a8b}</destination>
		</relationship>
		<relationship name="masterAssetFolder">
			<destination>{95b6e14c-c36e-489e-9374-1675535991ae}</destination>
		</relationship>
		<relationship name="mixer">
			<destination>{3ea49268-be3b-465b-9e82-3b00d9f3d2b6}</destination>
		</relationship>
		<relationship name="platforms">
			<destination>{123ad8f0-5012-4259-9672-71fc7533912f}</destination>
			<destination>{c40e3772-c4e9-4c1c-bc53-092618648bc4}</destination>
		</relationship>
	</object>
</objects>
