<?xml version="1.0" encoding="UTF-8"?>
<objects serializationModel="Studio.02.00.00">
	<object class="AudioFile" id="{0de922ac-250b-4663-8107-8204d5cc42db}">
		<property name="assetPath">
			<value>Player/PlayerDash/Step3.wav</value>
		</property>
		<property name="frequencyInKHz">
			<value>48</value>
		</property>
		<property name="channelCount">
			<value>1</value>
		</property>
		<property name="length">
			<value>0.2225</value>
		</property>
		<relationship name="masterAssetFolder">
			<destination>{95b6e14c-c36e-489e-9374-1675535991ae}</destination>
		</relationship>
	</object>
</objects>
