<?xml version="1.0" encoding="UTF-8"?>
<objects serializationModel="Studio.02.00.00">
	<object class="AudioFile" id="{47b06a14-751d-4ea1-8aee-5b1ec76fa010}">
		<property name="assetPath">
			<value>Player/PlayerHurt/Scrape3.wav</value>
		</property>
		<property name="frequencyInKHz">
			<value>44.0999985</value>
		</property>
		<property name="channelCount">
			<value>1</value>
		</property>
		<property name="length">
			<value>0.7436961451247166</value>
		</property>
		<relationship name="masterAssetFolder">
			<destination>{95b6e14c-c36e-489e-9374-1675535991ae}</destination>
		</relationship>
	</object>
</objects>
