<?xml version="1.0" encoding="UTF-8"?>
<objects serializationModel="Studio.02.00.00">
	<object class="AudioFile" id="{779fe075-d86b-4808-87a6-3cd85264facf}">
		<property name="assetPath">
			<value>Player/PlayerHurt/Thud.wav</value>
		</property>
		<property name="frequencyInKHz">
			<value>44.0999985</value>
		</property>
		<property name="channelCount">
			<value>1</value>
		</property>
		<property name="length">
			<value>0.31761904761904763</value>
		</property>
		<relationship name="masterAssetFolder">
			<destination>{95b6e14c-c36e-489e-9374-1675535991ae}</destination>
		</relationship>
	</object>
</objects>
