<?xml version="1.0" encoding="UTF-8"?>
<objects serializationModel="Studio.02.00.00">
	<object class="AudioFile" id="{7fd40fd5-bf11-4873-97ef-5da838b270fb}">
		<property name="assetPath">
			<value>Weapons/Ground2.wav</value>
		</property>
		<property name="frequencyInKHz">
			<value>44.0999985</value>
		</property>
		<property name="channelCount">
			<value>1</value>
		</property>
		<property name="length">
			<value>1.0094784580498866</value>
		</property>
		<relationship name="masterAssetFolder">
			<destination>{95b6e14c-c36e-489e-9374-1675535991ae}</destination>
		</relationship>
	</object>
</objects>
