<?xml version="1.0" encoding="UTF-8"?>
<objects serializationModel="Studio.02.00.00">
	<object class="AudioFile" id="{f41e661d-9407-4c05-a216-9ab4ded6295d}">
		<property name="assetPath">
			<value>Player/PlayerHurt/Male_Grunting2.wav</value>
		</property>
		<property name="frequencyInKHz">
			<value>44.0999985</value>
		</property>
		<property name="channelCount">
			<value>1</value>
		</property>
		<property name="length">
			<value>0.79657596371882089</value>
		</property>
		<relationship name="masterAssetFolder">
			<destination>{95b6e14c-c36e-489e-9374-1675535991ae}</destination>
		</relationship>
	</object>
</objects>
