<?xml version="1.0" encoding="UTF-8"?>
<objects serializationModel="Studio.02.00.00">
	<object class="MixerReturn" id="{3159d51b-43c6-4ee9-bc11-a92e26c67570}">
		<property name="overridingInputFormat">
			<value>2</value>
		</property>
		<property name="inputFormatOverridden">
			<value>true</value>
		</property>
		<property name="name">
			<value>Reverb</value>
		</property>
		<relationship name="effectChain">
			<destination>{6b4c312b-e132-4c8a-872f-13ec76ba42f5}</destination>
		</relationship>
		<relationship name="panner">
			<destination>{0230843a-d708-4ed0-9f77-f86e0a89b5c0}</destination>
		</relationship>
		<relationship name="output">
			<destination>{4778e8ea-745c-4994-8b8a-4a0182cd9786}</destination>
		</relationship>
	</object>
	<object class="MixerBusEffectChain" id="{6b4c312b-e132-4c8a-872f-13ec76ba42f5}">
		<relationship name="effects">
			<destination>{a09493d3-e34d-482c-91e7-983dd44b3cd2}</destination>
			<destination>{4cab3af2-8c10-4ca4-b0d0-1764c8d4181a}</destination>
		</relationship>
	</object>
	<object class="MixerBusPanner" id="{0230843a-d708-4ed0-9f77-f86e0a89b5c0}" />
	<object class="SFXReverbEffect" id="{a09493d3-e34d-482c-91e7-983dd44b3cd2}">
		<property name="wetLevel">
			<value>0</value>
		</property>
		<property name="dryLevel">
			<value>-80</value>
		</property>
	</object>
	<object class="MixerBusFader" id="{4cab3af2-8c10-4ca4-b0d0-1764c8d4181a}" />
</objects>
