<?xml version="1.0" encoding="UTF-8"?>
<objects serializationModel="Studio.02.00.00">
	<object class="EncodingSetting" id="{71ad6ade-8497-4f76-8940-077fd937b9a1}">
		<property name="encodingFormat">
			<value>3</value>
		</property>
		<property name="quality">
			<value>37</value>
		</property>
		<relationship name="platform">
			<destination>{c40e3772-c4e9-4c1c-bc53-092618648bc4}</destination>
		</relationship>
		<relationship name="encodable">
			<destination>{c40e3772-c4e9-4c1c-bc53-092618648bc4}</destination>
		</relationship>
	</object>
</objects>
