<?xml version="1.0" encoding="UTF-8"?>
<objects serializationModel="Studio.02.00.00">
	<object class="EncodingSetting" id="{dc8a482d-2365-4e00-9249-a656e224ae77}">
		<property name="encodingFormat">
			<value>3</value>
		</property>
		<property name="quality">
			<value>100</value>
		</property>
		<relationship name="platform">
			<destination>{123ad8f0-5012-4259-9672-71fc7533912f}</destination>
		</relationship>
		<relationship name="encodable">
			<destination>{123ad8f0-5012-4259-9672-71fc7533912f}</destination>
		</relationship>
	</object>
</objects>
