<?xml version="1.0" encoding="UTF-8"?>
<objects serializationModel="Studio.02.00.00">
	<object class="MixerGroup" id="{04c8c892-4b21-427f-ba4d-60cfffb4a6ee}">
		<property name="name">
			<value>Player SFX</value>
		</property>
		<relationship name="effectChain">
			<destination>{950fafa8-570f-4207-acf4-3f68a8c7489b}</destination>
		</relationship>
		<relationship name="panner">
			<destination>{28128ea9-27d6-4dda-bcbe-32ea97f40df7}</destination>
		</relationship>
		<relationship name="output">
			<destination>{4778e8ea-745c-4994-8b8a-4a0182cd9786}</destination>
		</relationship>
	</object>
	<object class="MixerBusEffectChain" id="{950fafa8-570f-4207-acf4-3f68a8c7489b}">
		<relationship name="effects">
			<destination>{8b3cd09c-c236-4648-b65d-2ff093beada7}</destination>
			<destination>{20da64ea-3d76-4e14-93e8-a9e9831bc7c8}</destination>
			<destination>{0152cee6-5ccb-4a4f-bc74-fada86829042}</destination>
		</relationship>
	</object>
	<object class="MixerBusPanner" id="{28128ea9-27d6-4dda-bcbe-32ea97f40df7}" />
	<object class="MixerBusFader" id="{8b3cd09c-c236-4648-b65d-2ff093beada7}" />
	<object class="Sidechain" id="{20da64ea-3d76-4e14-93e8-a9e9831bc7c8}" />
	<object class="GainEffect" id="{0152cee6-5ccb-4a4f-bc74-fada86829042}">
		<property name="gain">
			<value>3</value>
		</property>
	</object>
</objects>
