<?xml version="1.0" encoding="UTF-8"?>
<objects serializationModel="Studio.02.00.00">
	<object class="MixerGroup" id="{1e83b236-5d32-432a-83e3-daa83971c82f}">
		<property name="volume">
			<value>-3</value>
		</property>
		<property name="name">
			<value>BGM</value>
		</property>
		<relationship name="effectChain">
			<destination>{84a6d76b-e177-49aa-8980-260a1075005f}</destination>
		</relationship>
		<relationship name="panner">
			<destination>{baf361f5-0601-4e6c-ba18-7d2f5b5c70ac}</destination>
		</relationship>
		<relationship name="output">
			<destination>{4778e8ea-745c-4994-8b8a-4a0182cd9786}</destination>
		</relationship>
	</object>
	<object class="MixerBusEffectChain" id="{84a6d76b-e177-49aa-8980-260a1075005f}">
		<relationship name="effects">
			<destination>{49cc17e0-3040-4306-b6a5-ce639a4a6d83}</destination>
			<destination>{a36d1b89-eae4-42f5-bec0-2db836df40d2}</destination>
		</relationship>
	</object>
	<object class="MixerBusPanner" id="{baf361f5-0601-4e6c-ba18-7d2f5b5c70ac}" />
	<object class="MixerBusFader" id="{49cc17e0-3040-4306-b6a5-ce639a4a6d83}" />
	<object class="CompressorEffect" id="{a36d1b89-eae4-42f5-bec0-2db836df40d2}">
		<property name="threshold">
			<value>-22</value>
		</property>
		<property name="attackTime">
			<value>50</value>
		</property>
		<relationship name="sidechains">
			<destination>{20da64ea-3d76-4e14-93e8-a9e9831bc7c8}</destination>
		</relationship>
	</object>
</objects>
